Date,bank_etf
2018-02-26,0
2018-02-27,0
2018-02-28,0
2018-03-01,0
2018-03-02,0
2018-03-03,0
2018-03-04,0
2018-03-05,0
2018-03-06,0
2018-03-07,0
2018-03-08,0
2018-03-09,0
2018-03-10,0
2018-03-11,0
2018-03-12,5.96026
2018-03-13,7.28476
2018-03-14,3.31125
2018-03-15,3.9735
2018-03-16,13.24503
2018-03-17,0
2018-03-18,0
2018-03-19,0
2018-03-20,0
2018-03-21,0
2018-03-22,10.59602
2018-03-23,6.62251
2018-03-24,0
2018-03-25,0
2018-03-26,9.93377
2018-03-27,11.25827
2018-03-28,7.28476
2018-03-29,8.60927
2018-03-30,12.58278
2018-03-31,0
2018-04-01,3.31125
2018-04-02,6.62251
2018-04-03,12.58278
2018-04-04,6.62251
2018-04-05,8.60927
2018-04-06,5.29801
2018-04-07,0
2018-04-08,0
2018-04-09,3.9735
2018-04-10,0
2018-04-11,0
2018-04-12,3.31125
2018-04-13,3.9735
2018-04-14,4.63576
2018-04-15,3.31125
2018-04-16,12.58278
2018-04-17,5.96026
2018-04-18,0
2018-04-19,0
2018-04-20,0
2018-04-21,0
2018-04-22,3.9735
2018-04-23,5.29801
2018-04-24,3.9735
2018-04-25,6.62251
2018-04-26,11.25827
2018-04-27,15.23178
2018-04-28,9.93377
2018-04-29,17.21854
2018-04-30,12.58278
2018-05-01,13.24503
2018-05-02,15.23178
2018-05-03,13.24503
2018-05-04,14.56953
2018-05-05,5.96026
2018-05-06,0
2018-05-07,0
2018-05-08,0
2018-05-09,0
2018-05-10,7.28476
2018-05-11,0
2018-05-12,0
2018-05-13,0
2018-05-14,0
2018-05-15,0
2018-05-16,0
2018-05-17,0
2018-05-18,0
2018-05-19,0
2018-05-20,0
2018-05-21,9.27152
2018-05-22,15.23178
2018-05-23,6.62251
2018-05-24,13.90728
2018-05-25,20.5298
2018-05-26,19.20529
2018-05-27,9.93377
2018-05-28,19.86754
2018-05-29,14.56953
2018-05-30,3.31125
2018-05-31,5.96026
2018-06-01,0
2018-06-02,10.59602
2018-06-03,19.86754
2018-06-04,7.28476
2018-06-05,0
2018-06-06,7.94701
2018-06-07,11.25827
2018-06-08,9.27152
2018-06-09,8.60927
2018-06-10,15.23178
2018-06-11,10.59602
2018-06-12,7.94701
2018-06-13,13.24503
2018-06-14,7.28476
2018-06-15,7.94701
2018-06-16,13.24503
2018-06-17,20.5298
2018-06-18,11.25827
2018-06-19,12.58278
2018-06-20,10.59602
2018-06-21,0
2018-06-22,0
2018-06-23,0
2018-06-24,14.56953
2018-06-25,0
2018-06-26,8.60927
2018-06-27,5.29801
2018-06-28,10.59602
2018-06-29,0
2018-06-30,3.31125
2018-07-01,9.27152
2018-07-02,0
2018-07-03,8.60927
2018-07-04,7.94701
2018-07-05,6.62251
2018-07-06,11.92052
2018-07-07,10.59602
2018-07-08,10.59602
2018-07-09,16.55629
2018-07-10,12.58278
2018-07-11,8.60927
2018-07-12,6.62251
2018-07-13,0
2018-07-14,0
2018-07-15,0
2018-07-16,0
2018-07-17,0
2018-07-18,0
2018-07-19,0
2018-07-20,0
2018-07-21,0
2018-07-22,0
2018-07-23,0
2018-07-24,0
2018-07-25,0
2018-07-26,0
2018-07-27,0
2018-07-28,0
2018-07-29,3.9735
2018-07-30,0
2018-07-31,0
2018-08-01,0
2018-08-02,0
2018-08-03,0
2018-08-04,0
2018-08-05,0
2018-08-06,0
2018-08-07,0
2018-08-08,0
2018-08-09,0
2018-08-10,0
2018-08-11,0
2018-08-12,0
2018-08-13,0
2018-08-14,0
2018-08-15,0
2018-08-16,0
2018-08-17,0
2018-08-18,0
2018-08-19,0
2018-08-20,0
2018-08-21,0
2018-08-22,0
2018-08-23,0
2018-08-24,0
2018-08-25,0
2018-08-26,0
2018-08-27,0
2018-08-28,0
2018-08-29,0
2018-08-30,0
2018-08-31,0
2018-09-01,0
2018-09-02,0
2018-09-03,0
2018-09-04,0
2018-09-05,0
2018-09-06,0
2018-09-07,0
2018-09-08,0
2018-09-09,0
2018-09-10,0
2018-09-11,0
2018-09-12,0
2018-09-13,0
2018-09-14,0
2018-09-15,0
2018-09-16,0
2018-09-17,0
2018-09-18,0
2018-09-19,0
2018-09-20,0
2018-09-21,3.31125
2018-09-22,0
2018-09-23,0
2018-09-24,0
2018-09-25,0
2018-09-26,0
2018-09-27,0
2018-09-28,0
2018-09-29,0
2018-09-30,0
2018-10-01,0
2018-10-02,0
2018-10-03,0
2018-10-04,0
2018-10-05,0
2018-10-06,0
2018-10-07,0
2018-10-08,0
2018-10-09,0
2018-10-10,0
2018-10-11,0
2018-10-12,0
2018-10-13,0
2018-10-14,0
2018-10-15,0
2018-10-16,0
2018-10-17,0
2018-10-18,0
2018-10-19,0
2018-10-20,0
2018-10-21,0
2018-10-22,0
2018-10-23,0
2018-10-24,0
2018-10-25,0
2018-10-26,0
2018-10-27,0
2018-10-28,0
2018-10-29,0
2018-10-30,0
2018-10-31,0
2018-11-01,0
2018-11-02,0
2018-11-03,0
2018-11-04,0
2018-11-05,0
2018-11-06,0
2018-11-07,0
2018-11-08,3.31125
2018-11-09,3.31125
2018-11-10,3.31125
2018-11-11,4.63576
2018-11-12,0
2018-11-13,0
2018-11-14,0
2018-11-15,0
2018-11-16,0
2018-11-17,0
2018-11-18,0
2018-11-19,0
2018-11-20,0
2018-11-21,0
2018-11-22,0
2018-11-23,0
2018-11-24,0
2018-11-25,0
2018-11-26,0
2018-11-27,0
2018-11-28,3.9735
2018-11-29,0
2018-11-30,0
2018-12-01,0
2018-12-02,0
2018-12-03,0
2018-12-04,0
2018-12-05,0
2018-12-06,0
2018-12-07,0
2018-12-08,0
2018-12-09,0
2018-12-10,0
2018-12-11,0
2018-12-12,0
2018-12-13,0
2018-12-14,0
2018-12-15,0
2018-12-16,0
2018-12-17,0
2018-12-18,0
2018-12-19,0
2018-12-20,0
2018-12-21,0
2018-12-22,0
2018-12-23,0
2018-12-24,0
2018-12-25,0
2018-12-26,0
2018-12-27,0
2018-12-28,0
2018-12-29,0
2018-12-30,0
2018-12-31,0
2019-01-01,0
2019-01-02,0
2019-01-03,0
2019-01-04,0
2019-01-05,0
2019-01-06,0
2019-01-07,0
2019-01-08,0
2019-01-09,0
2019-01-10,0
2019-01-11,0
2019-01-12,0
2019-01-13,0
2019-01-14,0
2019-01-15,0
2019-01-16,0
2019-01-17,0
2019-01-18,3.31125
2019-01-19,0
2019-01-20,0
2019-01-21,0
2019-01-22,0
2019-01-23,0
2019-01-24,0
2019-01-25,0
2019-01-26,0
2019-01-27,0
2019-01-28,0
2019-01-29,0
2019-01-30,0
2019-01-31,0
2019-02-01,0
2019-02-02,0
2019-02-03,0
2019-02-04,0
2019-02-05,0
2019-02-06,0
2019-02-07,0
2019-02-08,0
2019-02-09,0
2019-02-10,0
2019-02-11,0
2019-02-12,0
2019-02-13,0
2019-02-14,0
2019-02-15,3.31125
2019-02-16,0
2019-02-17,0
2019-02-18,0
2019-02-19,0
2019-02-20,0
2019-02-21,0
2019-02-22,0
2019-02-23,0
2019-02-24,0
2019-02-25,0
2019-02-26,0
2019-02-27,0
2019-02-28,0
2019-03-01,0
2019-03-02,0
2019-03-03,0
2019-03-04,0
2019-03-05,0
2019-03-06,0
2019-03-07,0
2019-03-08,0
2019-03-09,0
2019-03-10,0
2019-03-11,0
2019-03-12,0
2019-03-13,0
2019-03-14,0
2019-03-15,0
2019-03-16,0
2019-03-17,0
2019-03-18,0
2019-03-19,0
2019-03-20,0
2019-03-21,0
2019-03-22,0
2019-03-23,0
2019-03-24,0
2019-03-25,0
2019-03-26,0
2019-03-27,0
2019-03-28,0
2019-03-29,0
2019-03-30,0
2019-03-31,0
2019-04-01,0
2019-04-02,0
2019-04-03,0
2019-04-04,0
2019-04-05,0
2019-04-06,0
2019-04-07,0
2019-04-08,0
2019-04-09,0
2019-04-10,0
2019-04-11,0
2019-04-12,0
2019-04-13,0
2019-04-14,0
2019-04-15,0
2019-04-16,0
2019-04-17,0
2019-04-18,0
2019-04-19,0
2019-04-20,0
2019-04-21,0
2019-04-22,0
2019-04-23,0
2019-04-24,0
2019-04-25,0
2019-04-26,0
2019-04-27,0
2019-04-28,0
2019-04-29,0
2019-04-30,0
2019-05-01,0
2019-05-02,0
2019-05-03,0
2019-05-04,0
2019-05-05,0
2019-05-06,0
2019-05-07,0
2019-05-08,0
2019-05-09,0
2019-05-10,0
2019-05-11,0
2019-05-12,0
2019-05-13,0
2019-05-14,0
2019-05-15,0
2019-05-16,0
2019-05-17,0
2019-05-18,0
2019-05-19,0
2019-05-20,0
2019-05-21,0
2019-05-22,0
2019-05-23,0
2019-05-24,0
2019-05-25,0
2019-05-26,0
2019-05-27,0
2019-05-28,0
2019-05-29,0
2019-05-30,0
2019-05-31,0
2019-06-01,0
2019-06-02,0
2019-06-03,0
2019-06-04,0
2019-06-05,0
2019-06-06,0
2019-06-07,0
2019-06-08,0
2019-06-09,0
2019-06-10,0
2019-06-11,0
2019-06-12,0
2019-06-13,0
2019-06-14,0
2019-06-15,0
2019-06-16,0
2019-06-17,0
2019-06-18,0
2019-06-19,0
2019-06-20,0
2019-06-21,0
2019-06-22,0
2019-06-23,0
2019-06-24,0
2019-06-25,0
2019-06-26,0
2019-06-27,0
2019-06-28,0
2019-06-29,0
2019-06-30,0
2019-07-01,0
2019-07-02,0
2019-07-03,0
2019-07-04,0
2019-07-05,0
2019-07-06,0
2019-07-07,0
2019-07-08,0
2019-07-09,0
2019-07-10,0
2019-07-11,0
2019-07-12,0
2019-07-13,0
2019-07-14,0
2019-07-15,0
2019-07-16,0
2019-07-17,0
2019-07-18,0
2019-07-19,0
2019-07-20,0
2019-07-21,0
2019-07-22,0
2019-07-23,0
2019-07-24,0
2019-07-25,0
2019-07-26,0
2019-07-27,0
2019-07-28,0
2019-07-29,0
2019-07-30,0
2019-07-31,0
2019-08-01,0
2019-08-02,0
2019-08-03,0
2019-08-04,0
2019-08-05,0
2019-08-06,0
2019-08-07,0
2019-08-08,0
2019-08-09,0
2019-08-10,0
2019-08-11,0
2019-08-12,0
2019-08-13,0
2019-08-14,0
2019-08-15,0
2019-08-16,0
2019-08-17,0
2019-08-18,0
2019-08-19,0
2019-08-20,0
2019-08-21,0
2019-08-22,3.31125
2019-08-23,3.9735
2019-08-24,0
2019-08-25,0
2019-08-26,0
2019-08-27,0
2019-08-28,0
2019-08-29,0
2019-08-30,4.63576
2019-08-31,0
2019-09-01,0
2019-09-02,0
2019-09-03,0
2019-09-04,0
2019-09-05,0
2019-09-06,0
2019-09-07,0
2019-09-08,0
2019-09-09,0
2019-09-10,0
2019-09-11,0
2019-09-12,0
2019-09-13,0
2019-09-14,0
2019-09-15,0
2019-09-16,5.29801
2019-09-17,0
2019-09-18,0
2019-09-19,0
2019-09-20,0
2019-09-21,0
2019-09-22,0
2019-09-23,0
2019-09-24,0
2019-09-25,0
2019-09-26,0
2019-09-27,0
2019-09-28,0
2019-09-29,0
2019-09-30,0
2019-10-01,0
2019-10-02,0
2019-10-03,0
2019-10-04,0
2019-10-05,0
2019-10-06,0
2019-10-07,0
2019-10-08,0
2019-10-09,0
2019-10-10,0
2019-10-11,0
2019-10-12,0
2019-10-13,0
2019-10-14,0
2019-10-15,0
2019-10-16,0
2019-10-17,0
2019-10-18,0
2019-10-19,0
2019-10-20,0
2019-10-21,0
2019-10-22,0
2019-10-23,0
2019-10-24,0
2019-10-25,0
2019-10-26,0
2019-10-27,0
2019-10-28,0
2019-10-29,0
2019-10-30,0
2019-10-31,0
2019-11-01,0
2019-11-02,0
2019-11-03,0
2019-11-04,0
2019-11-05,0
2019-11-06,0
2019-11-07,0
2019-11-08,0
2019-11-09,0
2019-11-10,0
2019-11-11,0
2019-11-12,0
2019-11-13,0
2019-11-14,0
2019-11-15,0
2019-11-16,0
2019-11-17,0
2019-11-18,0
2019-11-19,0
2019-11-20,0
2019-11-21,0
2019-11-22,0
2019-11-23,0
2019-11-24,0
2019-11-25,0
2019-11-26,0
2019-11-27,0
2019-11-28,0
2019-11-29,0
2019-11-30,0
2019-12-01,0
2019-12-02,0
2019-12-03,0
2019-12-04,0
2019-12-05,0
2019-12-06,0
2019-12-07,0
2019-12-08,0
2019-12-09,0
2019-12-10,0
2019-12-11,0
2019-12-12,0
2019-12-13,0
2019-12-14,0
2019-12-15,0
2019-12-16,0
2019-12-17,0
2019-12-18,0
2019-12-19,0
2019-12-20,0
2019-12-21,0
2019-12-22,0
2019-12-23,0
2019-12-24,0
2019-12-25,0
2019-12-26,0
2019-12-27,0
2019-12-28,0
2019-12-29,0
2019-12-30,0
2019-12-31,0
2020-01-01,0
2020-01-02,0
2020-01-03,0
2020-01-04,0
2020-01-05,0
2020-01-06,0
2020-01-07,0
2020-01-08,0
2020-01-09,0
2020-01-10,0
2020-01-11,0
2020-01-12,0
2020-01-13,0
2020-01-14,3.9735
2020-01-15,0
2020-01-16,0
2020-01-17,0
2020-01-18,0
2020-01-19,0
2020-01-20,0
2020-01-21,0
2020-01-22,0
2020-01-23,0
2020-01-24,0
2020-01-25,0
2020-01-26,0
2020-01-27,0
2020-01-28,0
2020-01-29,0
2020-01-30,0
2020-01-31,0
2020-02-01,0
2020-02-02,0
2020-02-03,0
2020-02-04,0
2020-02-05,0
2020-02-06,0
2020-02-07,0
2020-02-08,0
2020-02-09,0
2020-02-10,3.31125
2020-02-11,0
2020-02-12,0
2020-02-13,0
2020-02-14,0
2020-02-15,0
2020-02-16,0
2020-02-17,0
2020-02-18,0
2020-02-19,0
2020-02-20,0
2020-02-21,0
2020-02-22,0
2020-02-23,3.9735
2020-02-24,3.31125
2020-02-25,6.62251
2020-02-26,5.96026
2020-02-27,3.31125
2020-02-28,4.63576
2020-02-29,0
2020-03-01,0
2020-03-02,0
2020-03-03,0
2020-03-04,0
2020-03-05,4.63576
2020-03-06,0
2020-03-07,0
2020-03-08,0
2020-03-09,8.60927
2020-03-10,0
2020-03-11,3.31125
2020-03-12,0
2020-03-13,3.9735
2020-03-14,0
2020-03-15,0
2020-03-16,0
2020-03-17,0
2020-03-18,0
2020-03-19,0
2020-03-20,0
2020-03-21,0
2020-03-22,4.63576
2020-03-23,5.29801
2020-03-24,3.31125
2020-03-25,9.27152
2020-03-26,0
2020-03-27,0
2020-03-28,0
2020-03-29,0
2020-03-30,0
2020-03-31,7.28476
2020-04-01,19.20529
2020-04-02,12.58278
2020-04-03,13.24503
2020-04-04,0
2020-04-05,0
2020-04-06,12.58278
2020-04-07,5.29801
2020-04-08,3.9735
2020-04-09,9.93377
2020-04-10,17.88079
2020-04-11,0
2020-04-12,0
2020-04-13,5.29801
2020-04-14,5.96026
2020-04-15,0
2020-04-16,3.31125
2020-04-17,6.62251
2020-04-18,0
2020-04-19,0
2020-04-20,11.25827
2020-04-21,0
2020-04-22,0
2020-04-23,8.60927
2020-04-24,3.9735
2020-04-25,0
2020-04-26,5.29801
2020-04-27,7.94701
2020-04-28,11.25827
2020-04-29,13.90728
2020-04-30,0
2020-05-01,0
2020-05-02,0
2020-05-03,0
2020-05-04,5.29801
2020-05-05,0
2020-05-06,4.63576
2020-05-07,9.93377
2020-05-08,5.29801
2020-05-09,3.9735
2020-05-10,0
2020-05-11,0
2020-05-12,3.31125
2020-05-13,0
2020-05-14,4.63576
2020-05-15,4.63576
2020-05-16,0
2020-05-17,7.28476
2020-05-18,13.90728
2020-05-19,11.92052
2020-05-20,9.93377
2020-05-21,3.31125
2020-05-22,0
2020-05-23,3.9735
2020-05-24,7.28476
2020-05-25,23.1788
2020-05-26,3.9735
2020-05-27,11.92052
2020-05-28,18.54304
2020-05-29,11.25827
2020-05-30,3.9735
2020-05-31,0
2020-06-01,15.23178
2020-06-02,21.19205
2020-06-03,25.16556
2020-06-04,30.46357
2020-06-05,9.93377
2020-06-06,0
2020-06-07,3.9735
2020-06-08,5.29801
2020-06-09,8.60927
2020-06-10,10.59602
2020-06-11,11.25827
2020-06-12,0
2020-06-13,0
2020-06-14,3.31125
2020-06-15,8.60927
2020-06-16,3.31125
2020-06-17,8.60927
2020-06-18,7.28476
2020-06-19,11.25827
2020-06-20,3.9735
2020-06-21,3.31125
2020-06-22,13.90728
2020-06-23,3.9735
2020-06-24,5.29801
2020-06-25,0
2020-06-26,11.92052
2020-06-27,0
2020-06-28,0
2020-06-29,0
2020-06-30,3.9735
2020-07-01,11.92052
2020-07-02,7.28476
2020-07-03,0
2020-07-04,0
2020-07-05,0
2020-07-06,3.31125
2020-07-07,3.31125
2020-07-08,0
2020-07-09,0
2020-07-10,3.9735
2020-07-11,0
2020-07-12,0
2020-07-13,4.63576
2020-07-14,7.28476
2020-07-15,4.63576
2020-07-16,3.9735
2020-07-17,4.63576
2020-07-18,0
2020-07-19,0
2020-07-20,0
2020-07-21,4.63576
2020-07-22,3.9735
2020-07-23,7.28476
2020-07-24,3.9735
2020-07-25,0
2020-07-26,0
2020-07-27,3.9735
2020-07-28,0
2020-07-29,7.28476
2020-07-30,5.29801
2020-07-31,0
2020-08-01,0
2020-08-02,4.63576
2020-08-03,3.9735
2020-08-04,3.9735
2020-08-05,3.9735
2020-08-06,9.27152
2020-08-07,8.60927
2020-08-08,0
2020-08-09,9.93377
2020-08-10,10.59602
2020-08-11,19.86754
2020-08-12,35.09933
2020-08-13,22.51655
2020-08-14,14.56953
2020-08-15,0
2020-08-16,0
2020-08-17,3.9735
2020-08-18,7.28476
2020-08-19,11.25827
2020-08-20,7.28476
2020-08-21,11.25827
2020-08-22,3.31125
2020-08-23,0
2020-08-24,7.28476
2020-08-25,4.63576
2020-08-26,6.62251
2020-08-27,3.9735
2020-08-28,3.9735
2020-08-29,0
2020-08-30,4.63576
2020-08-31,11.25827
2020-09-01,3.9735
2020-09-02,0
2020-09-03,3.9735
2020-09-04,5.29801
2020-09-05,0
2020-09-06,0
2020-09-07,8.60927
2020-09-08,5.29801
2020-09-09,0
2020-09-10,4.63576
2020-09-11,3.9735
2020-09-12,3.31125
2020-09-13,0
2020-09-14,11.25827
2020-09-15,3.31125
2020-09-16,7.94701
2020-09-17,11.25827
2020-09-18,3.9735
2020-09-19,0
2020-09-20,0
2020-09-21,0
2020-09-22,3.9735
2020-09-23,4.63576
2020-09-24,0
2020-09-25,0
2020-09-26,0
2020-09-27,3.31125
2020-09-28,0
2020-09-29,0
2020-09-30,0
2020-10-01,0
2020-10-02,0
2020-10-03,0
2020-10-04,0
2020-10-05,3.31125
2020-10-06,9.27152
2020-10-07,4.63576
2020-10-08,3.9735
2020-10-09,0
2020-10-10,3.9735
2020-10-11,6.62251
2020-10-12,11.25827
2020-10-13,5.96026
2020-10-14,3.9735
2020-10-15,0
2020-10-16,5.29801
2020-10-17,0
2020-10-18,0
2020-10-19,9.27152
2020-10-20,3.9735
2020-10-21,4.63576
2020-10-22,17.21854
2020-10-23,19.20529
2020-10-24,4.63576
2020-10-25,6.62251
2020-10-26,3.9735
2020-10-27,7.94701
2020-10-28,8.60927
2020-10-29,5.29801
2020-10-30,7.28476
2020-10-31,0
2020-11-01,3.31125
2020-11-02,9.93377
2020-11-03,6.62251
2020-11-04,7.94701
2020-11-05,8.60927
2020-11-06,7.94701
2020-11-07,0
2020-11-08,0
2020-11-09,3.9735
2020-11-10,11.25827
2020-11-11,22.51655
2020-11-12,13.24503
2020-11-13,6.62251
2020-11-14,3.31125
2020-11-15,4.63576
2020-11-16,15.23178
2020-11-17,9.27152
2020-11-18,5.96026
2020-11-19,32.45033
2020-11-20,31.78807
2020-11-21,7.28476
2020-11-22,3.31125
2020-11-23,41.72185
2020-11-24,41.0596
2020-11-25,50.33112
2020-11-26,36.42384
2020-11-27,36.42384
2020-11-28,4.63576
2020-11-29,4.63576
2020-11-30,33.11258
2020-12-01,21.19205
2020-12-02,19.86754
2020-12-03,35.76158
2020-12-04,32.45033
2020-12-05,5.96026
2020-12-06,4.63576
2020-12-07,38.41059
2020-12-08,35.76158
2020-12-09,46.35761
2020-12-10,42.3841
2020-12-11,19.86754
2020-12-12,0
2020-12-13,3.31125
2020-12-14,33.77483
2020-12-15,32.45033
2020-12-16,37.74834
2020-12-17,29.80132
2020-12-18,30.46357
2020-12-19,5.29801
2020-12-20,0
2020-12-21,36.42384
2020-12-22,29.13907
2020-12-23,19.86754
2020-12-24,59.60264
2020-12-25,5.29801
2020-12-26,7.28476
2020-12-27,3.31125
2020-12-28,54.96688
2020-12-29,37.08609
2020-12-30,23.84105
2020-12-31,11.25827
2021-01-01,7.94701
2021-01-02,7.94701
2021-01-03,3.31125
2021-01-04,17.88079
2021-01-05,23.84105
2021-01-06,17.21854
2021-01-07,39.73509
2021-01-08,37.74834
2021-01-09,13.90728
2021-01-10,27.15231
2021-01-11,41.72185
2021-01-12,44.37086
2021-01-13,100.0
2021-01-14,45.69536
2021-01-15,52.31788
2021-01-16,8.60927
2021-01-17,8.60927
2021-01-18,20.5298
2021-01-19,36.42384
2021-01-20,25.16556
2021-01-21,30.46357
2021-01-22,35.09933
2021-01-23,13.90728
2021-01-24,11.92052
2021-01-25,28.47682
2021-01-26,34.43708
2021-01-27,28.47682
2021-01-28,13.24503
2021-01-29,17.88079
2021-01-30,3.9735
2021-01-31,8.60927
2021-02-01,24.50331
2021-02-02,23.84105
2021-02-03,48.34437
2021-02-04,31.78807
2021-02-05,39.73509
2021-02-06,19.86754
2021-02-07,15.89403
2021-02-08,49.66887
2021-02-09,29.80132
2021-02-10,23.84105
2021-02-11,15.89403
2021-02-12,9.93377
2021-02-13,5.29801
2021-02-14,11.92052
2021-02-15,29.13907
2021-02-16,25.82781
2021-02-17,47.01986
2021-02-18,32.45033
2021-02-19,31.12582
2021-02-20,13.90728
2021-02-21,16.55629
2021-02-22,27.15231
2021-02-23,34.43708
2021-02-24,38.41059
2021-02-25,39.73509
2021-02-26,43.04635
2021-02-27,9.93377
2021-02-28,16.55629
2021-03-01,15.23178
2021-03-02,24.50331
2021-03-03,35.76158
2021-03-04,51.65562
2021-03-05,48.34437
2021-03-06,9.27152
2021-03-07,10.59602
2021-03-08,72.84768
2021-03-09,62.25165
2021-03-10,47.68211
2021-03-11,53.64238
2021-03-12,44.37086
2021-03-13,5.29801
2021-03-14,16.55629
2021-03-15,36.42384
2021-03-16,46.35761
2021-03-17,24.50331
2021-03-18,35.09933
2021-03-19,39.73509
2021-03-20,9.93377
2021-03-21,25.16556
2021-03-22,33.11258
2021-03-23,37.74834
2021-03-24,25.82781
2021-03-25,21.8543
2021-03-26,29.13907
2021-03-27,7.28476
2021-03-28,4.63576
2021-03-29,16.55629
2021-03-30,31.12582
2021-03-31,31.78807
2021-04-01,41.72185
2021-04-02,43.04635
2021-04-03,5.29801
2021-04-04,9.93377
2021-04-05,36.42384
2021-04-06,29.80132
2021-04-07,37.74834
2021-04-08,31.12582
2021-04-09,17.88079
2021-04-10,5.29801
2021-04-11,5.96026
2021-04-12,33.77483
2021-04-13,45.03311
2021-04-14,37.08609
2021-04-15,54.30463
2021-04-16,42.3841
2021-04-17,6.62251
2021-04-18,10.59602
2021-04-19,39.73509
2021-04-20,33.11258
2021-04-21,19.20529
2021-04-22,27.15231
2021-04-23,45.03311
2021-04-24,6.62251
2021-04-25,8.60927
2021-04-26,47.68211
2021-04-27,50.99337
2021-04-28,42.3841
2021-04-29,45.69536
2021-04-30,37.74834
2021-05-01,10.59602
2021-05-02,19.20529
2021-05-03,45.03311
2021-05-04,49.00662
2021-05-05,25.16556
2021-05-06,64.90066
2021-05-07,66.22516
2021-05-08,11.25827
2021-05-09,20.5298
2021-05-10,38.41059
2021-05-11,55.62913
2021-05-12,68.87417
2021-05-13,58.27814
2021-05-14,74.83443
2021-05-15,8.60927
2021-05-16,9.93377
2021-05-17,43.7086
2021-05-18,47.01986
2021-05-19,26.49006
2021-05-20,47.68211
2021-05-21,49.00662
2021-05-22,6.62251
2021-05-23,11.25827
2021-05-24,44.37086
2021-05-25,47.01986
2021-05-26,34.43708
2021-05-27,33.77483
2021-05-28,38.41059
2021-05-29,9.27152
2021-05-30,11.25827
2021-05-31,58.94039
2021-06-01,64.23841
2021-06-02,52.31788
2021-06-03,66.88741
2021-06-04,50.33112
2021-06-05,11.25827
2021-06-06,9.27152
2021-06-07,27.81456
2021-06-08,33.77483
2021-06-09,27.81456
2021-06-10,19.20529
2021-06-11,26.49006
2021-06-12,7.28476
2021-06-13,9.27152
2021-06-14,39.07284
2021-06-15,30.46357
2021-06-16,52.98013
2021-06-17,43.04635
2021-06-18,37.08609
2021-06-19,7.94701
2021-06-20,8.60927
2021-06-21,42.3841
2021-06-22,35.76158
2021-06-23,31.78807
2021-06-24,28.47682
2021-06-25,44.37086
2021-06-26,10.59602
2021-06-27,13.24503
2021-06-28,29.80132
2021-06-29,33.11258
2021-06-30,27.81456
2021-07-01,29.13907
2021-07-02,17.21854
2021-07-03,3.9735
2021-07-04,8.60927
2021-07-05,23.1788
2021-07-06,20.5298
2021-07-07,19.86754
2021-07-08,17.21854
2021-07-09,49.66887
2021-07-10,15.89403
2021-07-11,29.80132
2021-07-12,77.48344
2021-07-13,27.15231
2021-07-14,31.78807
2021-07-15,19.20529
2021-07-16,16.55629
2021-07-17,9.27152
2021-07-18,7.28476
2021-07-19,25.82781
2021-07-20,32.45033
2021-07-21,32.45033
2021-07-22,34.43708
2021-07-23,30.46357
2021-07-24,3.9735
2021-07-25,5.96026
2021-07-26,25.16556
2021-07-27,29.13907
2021-07-28,29.80132
2021-07-29,33.77483
2021-07-30,18.54304
2021-07-31,0
2021-08-01,5.96026
2021-08-02,18.54304
2021-08-03,23.1788
2021-08-04,22.51655
2021-08-05,13.24503
2021-08-06,31.78807
2021-08-07,5.96026
2021-08-08,11.92052
2021-08-09,31.78807
2021-08-10,23.1788
2021-08-11,24.50331
2021-08-12,27.81456
2021-08-13,19.20529
2021-08-14,6.62251
2021-08-15,3.9735
2021-08-16,5.29801
2021-08-17,17.21854
2021-08-18,15.23178
2021-08-19,26.49006
2021-08-20,19.86754
2021-08-21,9.93377
2021-08-22,6.62251
2021-08-23,11.92052
2021-08-24,15.89403
2021-08-25,9.93377
2021-08-26,26.49006
2021-08-27,28.47682
2021-08-28,11.92052
2021-08-29,19.86754
2021-08-30,21.8543
2021-08-31,29.80132
2021-09-01,21.19205
2021-09-02,17.21854
2021-09-03,12.58278
2021-09-04,5.96026
2021-09-05,0
2021-09-06,13.90728
2021-09-07,15.89403
2021-09-08,11.25827
2021-09-09,11.25827
2021-09-10,15.23178
2021-09-11,5.29801
2021-09-12,0
2021-09-13,18.54304
2021-09-14,21.8543
2021-09-15,21.8543
2021-09-16,9.93377
2021-09-17,9.27152
2021-09-18,0
2021-09-19,0
2021-09-20,3.31125
2021-09-21,0
2021-09-22,0
2021-09-23,15.89403
2021-09-24,23.84105
2021-09-25,3.9735
2021-09-26,4.63576
2021-09-27,20.5298
2021-09-28,28.47682
2021-09-29,19.86754
2021-09-30,21.8543
2021-10-01,11.92052
2021-10-02,4.63576
2021-10-03,8.60927
2021-10-04,13.24503
2021-10-05,19.20529
2021-10-06,15.23178
2021-10-07,13.90728
2021-10-08,12.58278
2021-10-09,5.96026
2021-10-10,0
2021-10-11,4.63576
2021-10-12,11.92052
2021-10-13,10.59602
2021-10-14,9.27152
2021-10-15,17.21854
2021-10-16,7.94701
2021-10-17,0
2021-10-18,13.90728
2021-10-19,21.19205
2021-10-20,11.25827
2021-10-21,15.23178
2021-10-22,12.58278
2021-10-23,3.9735
2021-10-24,11.25827
2021-10-25,27.81456
2021-10-26,19.86754
2021-10-27,13.90728
2021-10-28,17.21854
2021-10-29,5.29801
2021-10-30,3.31125
2021-10-31,5.96026
2021-11-01,12.58278
2021-11-02,15.89403
2021-11-03,21.8543
2021-11-04,14.56953
2021-11-05,16.55629
2021-11-06,0
2021-11-07,10.59602
2021-11-08,17.88079
2021-11-09,25.82781
2021-11-10,11.25827
2021-11-11,12.58278
2021-11-12,9.27152
2021-11-13,3.9735
2021-11-14,7.28476
2021-11-15,13.24503
2021-11-16,15.89403
2021-11-17,20.5298
2021-11-18,15.23178
2021-11-19,19.20529
2021-11-20,4.63576
2021-11-21,3.9735
2021-11-22,13.24503
2021-11-23,16.55629
2021-11-24,17.21854
2021-11-25,19.20529
2021-11-26,19.20529
2021-11-27,0
2021-11-28,0
2021-11-29,8.60927
2021-11-30,18.54304
2021-12-01,9.27152
2021-12-02,0
2021-12-03,9.27152
2021-12-04,0
2021-12-05,0
2021-12-06,11.25827
2021-12-07,9.27152
2021-12-08,3.9735
2021-12-09,5.96026
2021-12-10,6.62251
2021-12-11,5.29801
2021-12-12,0
2021-12-13,3.9735
2021-12-14,0
2021-12-15,3.9735
2021-12-16,9.93377
2021-12-17,7.94701
2021-12-18,5.29801
2021-12-19,0
2021-12-20,12.58278
2021-12-21,13.24503
2021-12-22,7.28476
2021-12-23,9.93377
2021-12-24,9.93377
2021-12-25,0
2021-12-26,0
2021-12-27,11.92052
2021-12-28,9.93377
2021-12-29,11.92052
2021-12-30,5.96026
2021-12-31,0
2022-01-01,0
2022-01-02,3.31125
2022-01-03,13.24503
2022-01-04,15.89403
2022-01-05,13.24503
2022-01-06,9.27152
2022-01-07,16.55629
2022-01-08,0
2022-01-09,8.60927
2022-01-10,21.19205
2022-01-11,36.42384
2022-01-12,24.50331
2022-01-13,26.49006
2022-01-14,29.13907
2022-01-15,6.62251
2022-01-16,3.9735
2022-01-17,16.55629
2022-01-18,21.19205
2022-01-19,13.90728
2022-01-20,14.56953
2022-01-21,13.24503
2022-01-22,9.93377
2022-01-23,0
2022-01-24,11.92052
2022-01-25,17.88079
2022-01-26,19.20529
2022-01-27,16.55629
2022-01-28,13.24503
2022-01-29,9.27152
2022-01-30,5.29801
2022-01-31,0
2022-02-01,0
2022-02-02,0
2022-02-03,10.59602
2022-02-04,11.92052
2022-02-05,7.28476
2022-02-06,5.29801
2022-02-07,14.56953
2022-02-08,14.56953
2022-02-09,24.50331
2022-02-10,20.5298
2022-02-11,32.45033
2022-02-12,10.59602
2022-02-13,11.25827
2022-02-14,20.5298
2022-02-15,5.29801
2022-02-16,18.54304
2022-02-17,34.43708
2022-02-18,21.8543
2022-02-19,7.28476
2022-02-20,5.96026
2022-02-21,15.23178
2022-02-22,12.58278
2022-02-23,22.51655
2022-02-24,19.86754
2022-02-25,11.25827
2022-02-26,3.31125
2022-02-27,8.60927
2022-02-28,11.25827
2022-03-01,0
2022-03-02,8.60927
2022-03-03,20.5298
2022-03-04,15.23178
2022-03-05,0
2022-03-06,5.29801
2022-03-07,9.27152
2022-03-08,3.31125
2022-03-09,0
2022-03-10,7.94701
2022-03-11,0
2022-03-12,0
2022-03-13,6.62251
2022-03-14,15.89403
2022-03-15,15.23178
2022-03-16,15.89403
2022-03-17,5.96026
2022-03-18,14.56953
2022-03-19,6.62251
2022-03-20,0
2022-03-21,9.93377
2022-03-22,16.55629
2022-03-23,9.27152
2022-03-24,11.25827
2022-03-25,12.58278
2022-03-26,7.94701
2022-03-27,3.31125
2022-03-28,15.23178
2022-03-29,10.59602
2022-03-30,11.25827
2022-03-31,15.23178
2022-04-01,11.92052
2022-04-02,3.9735
2022-04-03,0
2022-04-04,8.60927
2022-04-05,11.92052
2022-04-06,16.55629
2022-04-07,8.60927
2022-04-08,14.56953
2022-04-09,0
2022-04-10,0
2022-04-11,17.88079
2022-04-12,12.58278
2022-04-13,10.59602
2022-04-14,17.21854
2022-04-15,7.94701
2022-04-16,3.31125
2022-04-17,0
2022-04-18,8.60927
2022-04-19,8.60927
2022-04-20,4.63576
2022-04-21,4.63576
2022-04-22,8.60927
2022-04-23,9.27152
2022-04-24,6.62251
2022-04-25,19.86754
2022-04-26,11.92052
2022-04-27,19.86754
2022-04-28,21.19205
2022-04-29,12.58278
2022-04-30,0
2022-05-01,0
2022-05-02,5.96026
2022-05-03,10.59602
2022-05-04,13.90728
2022-05-05,11.25827
2022-05-06,7.94701
2022-05-07,3.31125
2022-05-08,7.94701
2022-05-09,5.96026
2022-05-10,5.96026
2022-05-11,5.29801
2022-05-12,9.27152
2022-05-13,9.93377
2022-05-14,5.96026
2022-05-15,3.9735
2022-05-16,5.96026
2022-05-17,14.56953
2022-05-18,9.27152
2022-05-19,7.28476
2022-05-20,13.90728
2022-05-21,3.31125
2022-05-22,3.31125
2022-05-23,7.28476
2022-05-24,15.23178
2022-05-25,9.27152
2022-05-26,10.59602
2022-05-27,11.25827
2022-05-28,0
2022-05-29,0
2022-05-30,10.59602
2022-05-31,21.8543
2022-06-01,0
2022-06-02,13.24503
2022-06-03,17.21854
2022-06-04,0
2022-06-05,0
2022-06-06,0
2022-06-07,6.62251
2022-06-08,9.93377
2022-06-09,9.93377
2022-06-10,15.23178
2022-06-11,0
2022-06-12,0
2022-06-13,5.29801
2022-06-14,8.60927
2022-06-15,13.90728
2022-06-16,3.9735
2022-06-17,3.9735
2022-06-18,0
2022-06-19,0
2022-06-20,5.29801
2022-06-21,7.28476
2022-06-22,5.96026
2022-06-23,11.25827
2022-06-24,5.96026
2022-06-25,0
2022-06-26,3.9735
2022-06-27,10.59602
2022-06-28,11.92052
2022-06-29,13.24503
2022-06-30,15.89403
2022-07-01,11.25827
2022-07-02,0
2022-07-03,0
2022-07-04,8.60927
2022-07-05,12.58278
2022-07-06,7.28476
2022-07-07,5.29801
2022-07-08,7.94701
2022-07-09,5.29801
2022-07-10,0
2022-07-11,4.63576
2022-07-12,7.94701
2022-07-13,10.59602
2022-07-14,15.23178
2022-07-15,12.58278
2022-07-16,13.24503
2022-07-17,3.9735
2022-07-18,25.82781
2022-07-19,27.81456
2022-07-20,15.23178
2022-07-21,22.51655
2022-07-22,24.50331
2022-07-23,7.94701
2022-07-24,3.31125
2022-07-25,13.90728
2022-07-26,11.25827
2022-07-27,13.24503
2022-07-28,5.96026
2022-07-29,7.94701
2022-07-30,0
2022-07-31,0
2022-08-01,14.56953
2022-08-02,5.96026
2022-08-03,7.94701
2022-08-04,11.92052
2022-08-05,14.56953
2022-08-06,0
2022-08-07,3.31125
2022-08-08,14.56953
2022-08-09,7.94701
2022-08-10,8.60927
2022-08-11,3.9735
2022-08-12,6.62251
2022-08-13,0
2022-08-14,3.31125
2022-08-15,0
2022-08-16,0
2022-08-17,6.62251
2022-08-18,9.27152
2022-08-19,17.88079
2022-08-20,3.31125
2022-08-21,6.62251
2022-08-22,11.25827
2022-08-23,9.93377
2022-08-24,7.94701
2022-08-25,5.96026
2022-08-26,3.9735
2022-08-27,5.29801
2022-08-28,0
2022-08-29,9.27152
2022-08-30,3.31125
2022-08-31,11.92052
2022-09-01,9.93377
2022-09-02,7.94701
2022-09-03,3.9735
2022-09-04,0
2022-09-05,3.31125
2022-09-06,3.31125
2022-09-07,15.89403
2022-09-08,8.60927
2022-09-09,0
2022-09-10,0
2022-09-11,0
2022-09-12,0
2022-09-13,14.56953
2022-09-14,5.29801
2022-09-15,6.62251
2022-09-16,4.63576
2022-09-17,3.9735
2022-09-18,3.31125
2022-09-19,3.31125
2022-09-20,3.9735
2022-09-21,0
2022-09-22,8.60927
2022-09-23,5.29801
2022-09-24,3.31125
2022-09-25,3.31125
2022-09-26,4.63576
2022-09-27,6.62251
2022-09-28,4.63576
2022-09-29,3.9735
2022-09-30,0
2022-10-01,0
2022-10-02,0
2022-10-03,3.9735
2022-10-04,5.29801
2022-10-05,8.60927
2022-10-06,7.94701
2022-10-07,9.27152
2022-10-08,0
2022-10-09,0
2022-10-10,0
2022-10-11,7.28476
2022-10-12,5.96026
2022-10-13,8.60927
2022-10-14,7.94701
2022-10-15,0
2022-10-16,0
2022-10-17,10.59602
2022-10-18,7.28476
2022-10-19,15.89403
2022-10-20,3.31125
2022-10-21,4.63576
2022-10-22,0
2022-10-23,0
2022-10-24,5.29801
2022-10-25,8.60927
2022-10-26,17.21854
2022-10-27,6.62251
2022-10-28,11.25827
2022-10-29,3.31125
2022-10-30,0
2022-10-31,4.63576
2022-11-01,5.96026
2022-11-02,7.28476
2022-11-03,9.27152
2022-11-04,0
2022-11-05,3.31125
2022-11-06,3.9735
2022-11-07,0
2022-11-08,0
2022-11-09,5.29801
2022-11-10,7.94701
2022-11-11,5.29801
2022-11-12,0
2022-11-13,3.9735
2022-11-14,11.92052
2022-11-15,3.9735
2022-11-16,5.96026
2022-11-17,7.94701
2022-11-18,3.9735
2022-11-19,0
2022-11-20,3.31125
2022-11-21,5.29801
2022-11-22,0
2022-11-23,8.60927
2022-11-24,11.25827
2022-11-25,7.28476
2022-11-26,0
2022-11-27,0
2022-11-28,5.96026
2022-11-29,11.25827
2022-11-30,5.29801
2022-12-01,7.94701
2022-12-02,3.31125
2022-12-03,0
2022-12-04,0
2022-12-05,9.27152
2022-12-06,3.31125
2022-12-07,5.29801
2022-12-08,0
2022-12-09,0
2022-12-10,0
2022-12-11,0
2022-12-12,0
2022-12-13,5.29801
2022-12-14,5.29801
2022-12-15,3.31125
2022-12-16,0
2022-12-17,0
2022-12-18,0
2022-12-19,4.63576
2022-12-20,8.60927
2022-12-21,5.96026
2022-12-22,5.96026
2022-12-23,5.29801
2022-12-24,0
2022-12-25,0
2022-12-26,5.96026
2022-12-27,0
2022-12-28,5.29801
2022-12-29,3.9735
2022-12-30,0
2022-12-31,0
2023-01-01,0
2023-01-02,4.63576
2023-01-03,0
2023-01-04,11.92052
2023-01-05,21.8543
2023-01-06,13.24503
2023-01-07,0
2023-01-08,10.59602
2023-01-09,15.23178
2023-01-10,7.94701
2023-01-11,9.27152
2023-01-12,8.60927
2023-01-13,10.59602
2023-01-14,4.63576
2023-01-15,0
2023-01-16,17.21854
2023-01-17,22.51655
2023-01-18,13.90728
2023-01-19,3.9735
2023-01-20,15.23178
2023-01-21,4.63576
2023-01-22,0
2023-01-23,3.31125
2023-01-24,3.31125
2023-01-25,9.27152
2023-01-26,13.90728
2023-01-27,5.96026
2023-01-28,0
2023-01-29,6.62251
2023-01-30,5.96026
2023-01-31,13.24503
2023-02-01,5.29801
2023-02-02,9.27152
2023-02-03,4.63576
2023-02-04,3.9735
2023-02-05,5.29801
2023-02-06,0
2023-02-07,0
2023-02-08,17.21854
2023-02-09,7.28476
2023-02-10,14.56953
2023-02-11,3.31125
2023-02-12,3.31125
2023-02-13,14.56953
2023-02-14,5.29801
2023-02-15,18.54304
2023-02-16,17.21854
2023-02-17,13.90728
2023-02-18,6.62251
2023-02-19,5.29801
2023-02-20,12.58278
2023-02-21,8.60927
2023-02-22,10.59602
2023-02-23,9.27152
2023-02-24,3.31125
2023-02-25,0
2023-02-26,5.96026