Date,bank_stocks
2018-02-26,4.65526
2018-02-27,4.86065
2018-02-28,4.60451
2018-03-01,1.25607
2018-03-02,4.44987
2018-03-03,0.90505
2018-03-04,0.93731
2018-03-05,5.67606
2018-03-06,6.39518
2018-03-07,6.27849
2018-03-08,5.73061
2018-03-09,5.87576
2018-03-10,1.18018
2018-03-11,1.09195
2018-03-12,6.83917
2018-03-13,6.94495
2018-03-14,6.42316
2018-03-15,6.56974
2018-03-16,6.09966
2018-03-17,1.1982
2018-03-18,1.11092
2018-03-19,5.51099
2018-03-20,5.50624
2018-03-21,5.69314
2018-03-22,6.97151
2018-03-23,7.0678
2018-03-24,1.13037
2018-03-25,0.92545
2018-03-26,5.69598
2018-03-27,5.55368
2018-03-28,5.4275
2018-03-29,5.52427
2018-03-30,5.23397
2018-03-31,0.98048
2018-04-01,0.92593
2018-04-02,5.81694
2018-04-03,7.28838
2018-04-04,6.33825
2018-04-05,6.20544
2018-04-06,5.38955
2018-04-07,1.05637
2018-04-08,0.97336
2018-04-09,5.95735
2018-04-10,6.29604
2018-04-11,5.96636
2018-04-12,5.8639
2018-04-13,5.69646
2018-04-14,1.02412
2018-04-15,0.91691
2018-04-16,5.48964
2018-04-17,5.22163
2018-04-18,5.21879
2018-04-19,6.1969
2018-04-20,6.92218
2018-04-21,1.08056
2018-04-22,0.99091
2018-04-23,7.0346
2018-04-24,6.45162
2018-04-25,5.54372
2018-04-26,5.70974
2018-04-27,5.73962
2018-04-28,0.87517
2018-04-29,0.79738
2018-04-30,5.47778
2018-05-01,1.59666
2018-05-02,5.1742
2018-05-03,4.73068
2018-05-04,4.87726
2018-05-05,0.68875
2018-05-06,0.62756
2018-05-07,0.86853
2018-05-08,4.79045
2018-05-09,4.31088
2018-05-10,4.70981
2018-05-11,4.57937
2018-05-12,0.80022
2018-05-13,0.70583
2018-05-14,4.38156
2018-05-15,4.22787
2018-05-16,4.30661
2018-05-17,3.88492
2018-05-18,3.97742
2018-05-19,0.70772
2018-05-20,0.69539
2018-05-21,4.47121
2018-05-22,0.91454
2018-05-23,4.46173
2018-05-24,4.18376
2018-05-25,3.81234
2018-05-26,0.72385
2018-05-27,0.70251
2018-05-28,4.41287
2018-05-29,4.03908
2018-05-30,5.34212
2018-05-31,5.75243
2018-06-01,4.75108
2018-06-02,1.00656
2018-06-03,0.82631
2018-06-04,5.3777
2018-06-05,4.88247
2018-06-06,0.91786
2018-06-07,5.41422
2018-06-08,4.50632
2018-06-09,0.70298
2018-06-10,0.62424
2018-06-11,4.75677
2018-06-12,4.70602
2018-06-13,0.79738
2018-06-14,4.25349
2018-06-15,4.54664
2018-06-16,0.73239
2018-06-17,0.72338
2018-06-18,4.33033
2018-06-19,4.04525
2018-06-20,4.03339
2018-06-21,4.76626
2018-06-22,3.82278
2018-06-23,0.61001
2018-06-24,0.58771
2018-06-25,3.86262
2018-06-26,3.78056
2018-06-27,3.5154
2018-06-28,3.43761
2018-06-29,3.48741
2018-06-30,0.57111
2018-07-01,0.56779
2018-07-02,3.95702
2018-07-03,3.97884
2018-07-04,3.6079
2018-07-05,3.51635
2018-07-06,3.83179
2018-07-07,0.58297
2018-07-08,0.5047
2018-07-09,4.01821
2018-07-10,4.05141
2018-07-11,3.54528
2018-07-12,3.46132
2018-07-13,3.93093
2018-07-14,0.58344
2018-07-15,0.53032
2018-07-16,3.53959
2018-07-17,3.77345
2018-07-18,3.71558
2018-07-19,4.20748
2018-07-20,4.25301
2018-07-21,0.68021
2018-07-22,0.51893
2018-07-23,4.1017
2018-07-24,4.31326
2018-07-25,4.07418
2018-07-26,3.70656
2018-07-27,3.32329
2018-07-28,0.53743
2018-07-29,0.59578
2018-07-30,3.48978
2018-07-31,3.36551
2018-08-01,3.45943
2018-08-02,3.48741
2018-08-03,3.35649
2018-08-04,0.45774
2018-08-05,0.39892
2018-08-06,3.29103
2018-08-07,3.50876
2018-08-08,3.87496
2018-08-09,3.46322
2018-08-10,2.90633
2018-08-11,0.4307
2018-08-12,0.49095
2018-08-13,3.46132
2018-08-14,4.00967
2018-08-15,0.82015
2018-08-16,3.7687
2018-08-17,3.38922
2018-08-18,0.58534
2018-08-19,0.58487
2018-08-20,3.42243
2018-08-21,3.32186
2018-08-22,3.47887
2018-08-23,3.53295
2018-08-24,3.45943
2018-08-25,0.64416
2018-08-26,0.58202
2018-08-27,3.87306
2018-08-28,3.89535
2018-08-29,3.63067
2018-08-30,4.12684
2018-08-31,3.59936
2018-09-01,0.64653
2018-09-02,0.62851
2018-09-03,3.89915
2018-09-04,3.606
2018-09-05,4.5196
2018-09-06,3.80997
2018-09-07,3.35697
2018-09-08,0.59673
2018-09-09,0.57348
2018-09-10,3.52868
2018-09-11,3.17766
2018-09-12,3.25973
2018-09-13,3.69043
2018-09-14,3.64205
2018-09-15,0.62234
2018-09-16,0.53222
2018-09-17,3.2251
2018-09-18,3.24692
2018-09-19,3.09607
2018-09-20,3.68617
2018-09-21,3.95417
2018-09-22,0.61001
2018-09-23,0.42169
2018-09-24,0.38469
2018-09-25,0.46106
2018-09-26,0.59815
2018-09-27,4.36022
2018-09-28,4.14296
2018-09-29,0.69444
2018-09-30,0.58724
2018-10-01,4.68609
2018-10-02,4.25159
2018-10-03,0.85003
2018-10-04,5.04186
2018-10-05,4.78903
2018-10-06,0.80829
2018-10-07,0.79548
2018-10-08,4.33033
2018-10-09,1.2352
2018-10-10,5.9768
2018-10-11,5.66136
2018-10-12,4.65953
2018-10-13,0.76702
2018-10-14,0.67262
2018-10-15,4.26629
2018-10-16,3.72316
2018-10-17,3.74783
2018-10-18,3.76443
2018-10-19,3.49927
2018-10-20,0.66788
2018-10-21,0.63373
2018-10-22,4.2829
2018-10-23,4.42568
2018-10-24,4.97023
2018-10-25,5.23112
2018-10-26,5.44648
2018-10-27,0.8358
2018-10-28,0.76417
2018-10-29,5.09783
2018-10-30,6.67646
2018-10-31,9.00078
2018-11-01,5.77188
2018-11-02,5.25389
2018-11-03,0.84766
2018-11-04,0.78457
2018-11-05,4.81701
2018-11-06,4.67993
2018-11-07,5.20598
2018-11-08,5.28947
2018-11-09,4.33508
2018-11-10,0.79927
2018-11-11,0.78552
2018-11-12,4.19514
2018-11-13,4.15577
2018-11-14,4.11213
2018-11-15,4.14581
2018-11-16,4.14249
2018-11-17,0.85003
2018-11-18,0.70915
2018-11-19,4.41382
2018-11-20,3.92524
2018-11-21,4.20653
2018-11-22,3.85076
2018-11-23,3.4452
2018-11-24,0.6527
2018-11-25,0.62803
2018-11-26,4.20416
2018-11-27,4.58079
2018-11-28,4.89244
2018-11-29,4.72641
2018-11-30,5.87766
2018-12-01,1.31489
2018-12-02,1.0336
2018-12-03,5.99388
2018-12-04,5.49059
2018-12-05,5.08028
2018-12-06,4.24922
2018-12-07,3.85646
2018-12-08,0.82109
2018-12-09,0.79738
2018-12-10,5.08265
2018-12-11,4.86587
2018-12-12,4.92327
2018-12-13,4.96691
2018-12-14,4.42141
2018-12-15,0.86616
2018-12-16,0.82015
2018-12-17,4.99442
2018-12-18,5.13862
2018-12-19,6.00194
2018-12-20,4.75677
2018-12-21,6.49099
2018-12-22,1.37608
2018-12-23,1.02554
2018-12-24,4.48876
2018-12-25,1.22192
2018-12-26,5.63574
2018-12-27,7.36143
2018-12-28,5.09024
2018-12-29,1.06064
2018-12-30,0.82679
2018-12-31,1.68631
2019-01-01,0.78172
2019-01-02,4.04335
2019-01-03,4.20178
2019-01-04,4.02343
2019-01-05,0.8932
2019-01-06,0.84623
2019-01-07,4.94651
2019-01-08,4.61874
2019-01-09,4.45746
2019-01-10,4.39247
2019-01-11,4.37113
2019-01-12,0.99803
2019-01-13,0.95107
2019-01-14,6.39423
2019-01-15,5.82264
2019-01-16,6.15563
2019-01-17,5.70974
2019-01-18,4.46125
2019-01-19,0.94822
2019-01-20,0.87612
2019-01-21,4.23783
2019-01-22,3.99924
2019-01-23,4.12209
2019-01-24,4.95126
2019-01-25,4.56656
2019-01-26,0.90221
2019-01-27,0.87802
2019-01-28,4.22503
2019-01-29,3.85361
2019-01-30,4.15055
2019-01-31,6.084
2019-02-01,5.34781
2019-02-02,0.80591
2019-02-03,0.67831
2019-02-04,0.59198
2019-02-05,0.61048
2019-02-06,0.82489
2019-02-07,4.83836
2019-02-08,4.92612
2019-02-09,1.01747
2019-02-10,0.90078
2019-02-11,5.1908
2019-02-12,6.17887
2019-02-13,10.87778
2019-02-14,9.05011
2019-02-15,7.25327
2019-02-16,1.38035
2019-02-17,1.26366
2019-02-18,7.03507
2019-02-19,6.75663
2019-02-20,7.26656
2019-02-21,6.59393
2019-02-22,6.59583
2019-02-23,1.17306
2019-02-24,1.28548
2019-02-25,6.47914
2019-02-26,6.47629
2019-02-27,6.94684
2019-02-28,6.90083
2019-03-01,1.34952
2019-03-02,0.98901
2019-03-03,1.21054
2019-03-04,8.2532
2019-03-05,6.92075
2019-03-06,7.09721
2019-03-07,6.3577
2019-03-08,6.25429
2019-03-09,1.2907
2019-03-10,1.27173
2019-03-11,6.55835
2019-03-12,6.60674
2019-03-13,6.29746
2019-03-14,6.4687
2019-03-15,7.8723
2019-03-16,1.3462
2019-03-17,1.20389
2019-03-18,6.62334
2019-03-19,6.20164
2019-03-20,5.83402
2019-03-21,6.57733
2019-03-22,7.24711
2019-03-23,1.34288
2019-03-24,1.23425
2019-03-25,8.24466
2019-03-26,8.36041
2019-03-27,7.30403
2019-03-28,6.83015
2019-03-29,6.33304
2019-03-30,1.1484
2019-03-31,1.25844
2019-04-01,8.76835
2019-04-02,9.2778
2019-04-03,9.38073
2019-04-04,8.03216
2019-04-05,7.01847
2019-04-06,1.30256
2019-04-07,1.21765
2019-04-08,7.1214
2019-04-09,6.98859
2019-04-10,6.61433
2019-04-11,6.30505
2019-04-12,6.14757
2019-04-13,1.22097
2019-04-14,1.15409
2019-04-15,6.75094
2019-04-16,6.50855
2019-04-17,6.20354
2019-04-18,5.98344
2019-04-19,6.45874
2019-04-20,1.42447
2019-04-21,1.19061
2019-04-22,6.39233
2019-04-23,6.0878
2019-04-24,6.28133
2019-04-25,6.62239
2019-04-26,5.51383
2019-04-27,1.00087
2019-04-28,0.99328
2019-04-29,6.33873
2019-04-30,6.14662
2019-05-01,1.83763
2019-05-02,7.44633
2019-05-03,6.07404
2019-05-04,1.00562
2019-05-05,0.77318
2019-05-06,1.05115
2019-05-07,5.4683
2019-05-08,5.32647
2019-05-09,5.55463
2019-05-10,5.63622
2019-05-11,0.87754
2019-05-12,0.85714
2019-05-13,5.42703
2019-05-14,5.86058
2019-05-15,7.85143
2019-05-16,5.87624
2019-05-17,5.04186
2019-05-18,0.8339
2019-05-19,0.82773
2019-05-20,5.40141
2019-05-21,6.27754
2019-05-22,5.85584
2019-05-23,5.59827
2019-05-24,5.8307
2019-05-25,1.02459
2019-05-26,1.01747
2019-05-27,5.51241
2019-05-28,5.88003
2019-05-29,5.92557
2019-05-30,5.14953
2019-05-31,4.86587
2019-06-01,0.84102
2019-06-02,0.73998
2019-06-03,5.10637
2019-06-04,5.16282
2019-06-05,4.83599
2019-06-06,1.01463
2019-06-07,4.6434
2019-06-08,0.76892
2019-06-09,0.67642
2019-06-10,4.93703
2019-06-11,4.77243
2019-06-12,5.02525
2019-06-13,4.89576
2019-06-14,4.30946
2019-06-15,0.73239
2019-06-16,0.74804
2019-06-17,4.72214
2019-06-18,5.05419
2019-06-19,6.20022
2019-06-20,6.45542
2019-06-21,5.77283
2019-06-22,1.06396
2019-06-23,0.99376
2019-06-24,6.11009
2019-06-25,6.8681
2019-06-26,5.88478
2019-06-27,5.16329
2019-06-28,4.5879
2019-06-29,0.82868
2019-06-30,0.80212
2019-07-01,5.33074
2019-07-02,4.65574
2019-07-03,4.6064
2019-07-04,4.62775
2019-07-05,4.51201
2019-07-06,0.79975
2019-07-07,0.76465
2019-07-08,4.56751
2019-07-09,4.68941
2019-07-10,4.36781
2019-07-11,4.69321
2019-07-12,4.22123
2019-07-13,0.7267
2019-07-14,0.72954
2019-07-15,4.29286
2019-07-16,4.44939
2019-07-17,4.05995
2019-07-18,4.87726
2019-07-19,4.67613
2019-07-20,0.77129
2019-07-21,0.81825
2019-07-22,5.05846
2019-07-23,5.17041
2019-07-24,4.95315
2019-07-25,5.00343
2019-07-26,5.24962
2019-07-27,0.97099
2019-07-28,0.83912
2019-07-29,5.2444
2019-07-30,5.10589
2019-07-31,4.7582
2019-08-01,4.54521
2019-08-02,6.13998
2019-08-03,0.98854
2019-08-04,0.84434
2019-08-05,6.37146
2019-08-06,6.50522
2019-08-07,5.84019
2019-08-08,6.00052
2019-08-09,5.60681
2019-08-10,0.93019
2019-08-11,0.87944
2019-08-12,5.25579
2019-08-13,5.61867
2019-08-14,5.60965
2019-08-15,1.36138
2019-08-16,5.43936
2019-08-17,1.04926
2019-08-18,1.03028
2019-08-19,6.13855
2019-08-20,5.74959
2019-08-21,5.18511
2019-08-22,4.99632
2019-08-23,4.61874
2019-08-24,0.76892
2019-08-25,0.74378
2019-08-26,4.89576
2019-08-27,4.94983
2019-08-28,4.8284
2019-08-29,4.58269
2019-08-30,5.2629
2019-08-31,0.86616
2019-09-01,0.71342
2019-09-02,4.92659
2019-09-03,4.65574
2019-09-04,4.85117
2019-09-05,5.23634
2019-09-06,5.10162
2019-09-07,0.79975
2019-09-08,0.68211
2019-09-09,5.21262
2019-09-10,5.73678
2019-09-11,5.85299
2019-09-12,0.85667
2019-09-13,0.67357
2019-09-14,0.64748
2019-09-15,0.90173
2019-09-16,6.67599
2019-09-17,5.67701
2019-09-18,5.47114
2019-09-19,5.37343
2019-09-20,5.54514
2019-09-21,1.08104
2019-09-22,0.89746
2019-09-23,5.13056
2019-09-24,4.98778
2019-09-25,5.07838
2019-09-26,5.01007
2019-09-27,5.24867
2019-09-28,0.84576
2019-09-29,0.78647
2019-09-30,4.78903
2019-10-01,4.79567
2019-10-02,4.53383
2019-10-03,0.97573
2019-10-04,4.22171
2019-10-05,0.74378
2019-10-06,0.75421
2019-10-07,4.18898
2019-10-08,4.40765
2019-10-09,0.8894
2019-10-10,5.15665
2019-10-11,4.76246
2019-10-12,0.75136
2019-10-13,0.71484
2019-10-14,5.49486
2019-10-15,5.17325
2019-10-16,5.59115
2019-10-17,5.07506
2019-10-18,4.68183
2019-10-19,0.76797
2019-10-20,0.73903
2019-10-21,4.93608
2019-10-22,5.51431
2019-10-23,4.74207
2019-10-24,5.11965
2019-10-25,5.49723
2019-10-26,0.90932
2019-10-27,0.83058
2019-10-28,6.15089
2019-10-29,5.33975
2019-10-30,4.78334
2019-10-31,4.59454
2019-11-01,4.23926
2019-11-02,0.78504
2019-11-03,0.7082
2019-11-04,5.07601
2019-11-05,5.34923
2019-11-06,5.12676
2019-11-07,4.76057
2019-11-08,4.91331
2019-11-09,0.78504
2019-11-10,0.71389
2019-11-11,4.48782
2019-11-12,4.42283
2019-11-13,4.15055
2019-11-14,4.32559
2019-11-15,4.80516
2019-11-16,0.82062
2019-11-17,0.75658
2019-11-18,4.44512
2019-11-19,4.6453
2019-11-20,5.1761
2019-11-21,4.72926
2019-11-22,4.73305
2019-11-23,0.86047
2019-11-24,0.73951
2019-11-25,4.90762
2019-11-26,5.16424
2019-11-27,4.86777
2019-11-28,4.49967
2019-11-29,4.11403
2019-11-30,0.76986
2019-12-01,0.77129
2019-12-02,4.36116
2019-12-03,4.34551
2019-12-04,4.35642
2019-12-05,4.79804
2019-12-06,4.90951
2019-12-07,1.08246
2019-12-08,0.98095
2019-12-09,5.76619
2019-12-10,5.64855
2019-12-11,5.21405
2019-12-12,6.19785
2019-12-13,9.05485
2019-12-14,1.51127
2019-12-15,1.0706
2019-12-16,7.51938
2019-12-17,7.3045
2019-12-18,7.2011
2019-12-19,8.15976
2019-12-20,6.06076
2019-12-21,1.16879
2019-12-22,0.97241
2019-12-23,5.80841
2019-12-24,5.4128
2019-12-25,1.24848
2019-12-26,6.4317
2019-12-27,7.76367
2019-12-28,1.35379
2019-12-29,1.1963
2019-12-30,5.91751
2019-12-31,2.48701
2020-01-01,1.19251
2020-01-02,5.48537
2020-01-03,5.39288
2020-01-04,1.08246
2020-01-05,0.99755
2020-01-06,10.52676
2020-01-07,5.56791
2020-01-08,6.121
2020-01-09,5.82358
2020-01-10,6.04985
2020-01-11,1.14887
2020-01-12,1.14413
2020-01-13,5.91988
2020-01-14,6.2524
2020-01-15,5.79939
2020-01-16,6.37762
2020-01-17,5.6087
2020-01-18,1.13511
2020-01-19,1.02174
2020-01-20,6.19879
2020-01-21,5.84778
2020-01-22,6.7073
2020-01-23,4.77432
2020-01-24,0.9634
2020-01-25,0.73571
2020-01-26,0.73808
2020-01-27,1.00562
2020-01-28,6.27991
2020-01-29,5.94265
2020-01-30,6.42411
2020-01-31,6.17271
2020-02-01,1.27979
2020-02-02,1.11472
2020-02-03,6.38901
2020-02-04,7.97096
2020-02-05,8.38934
2020-02-06,9.72701
2020-02-07,8.29732
2020-02-08,1.90498
2020-02-09,1.68583
2020-02-10,8.41258
2020-02-11,8.54303
2020-02-12,8.26411
2020-02-13,7.89744
2020-02-14,7.91926
2020-02-15,1.89644
2020-02-16,1.72283
2020-02-17,9.13597
2020-02-18,8.31439
2020-02-19,8.33764
2020-02-20,8.32862
2020-02-21,7.961
2020-02-22,1.75224
2020-02-23,1.53357
2020-02-24,9.39259
2020-02-25,9.40824
2020-02-26,8.51504
2020-02-27,8.6398
2020-02-28,9.22277
2020-02-29,1.84711
2020-03-01,1.72094
2020-03-02,8.94386
2020-03-03,9.69285
2020-03-04,11.10309
2020-03-05,10.33323
2020-03-06,9.6625
2020-03-07,1.97708
2020-03-08,1.82387
2020-03-09,13.89559
2020-03-10,13.50283
2020-03-11,12.66892
2020-03-12,15.79251
2020-03-13,18.82219
2020-03-14,3.27775
2020-03-15,2.7664
2020-03-16,16.39636
2020-03-17,19.48627
2020-03-18,20.18262
2020-03-19,24.059
2020-03-20,23.9371
2020-03-21,4.43991
2020-03-22,3.6985
2020-03-23,20.26373
2020-03-24,19.50003
2020-03-25,25.55747
2020-03-26,26.33256
2020-03-27,23.96034
2020-03-28,4.50869
2020-03-29,3.88207
2020-03-30,20.75611
2020-03-31,20.22911
2020-04-01,20.21582
2020-04-02,19.94497
2020-04-03,17.2981
2020-04-04,3.44188
2020-04-05,3.22035
2020-04-06,18.24822
2020-04-07,20.9245
2020-04-08,19.39852
2020-04-09,18.57173
2020-04-10,26.91981
2020-04-11,6.87379
2020-04-12,5.67891
2020-04-13,22.92863
2020-04-14,20.70251
2020-04-15,4.74823
2020-04-16,21.32438
2020-04-17,21.66638
2020-04-18,4.81654
2020-04-19,4.95268
2020-04-20,21.6384
2020-04-21,20.76749
2020-04-22,20.11621
2020-04-23,20.95201
2020-04-24,20.63705
2020-04-25,4.85781
2020-04-26,4.42805
2020-04-27,96.1886
2020-04-28,42.8736
2020-04-29,28.79444
2020-04-30,6.15421
2020-05-01,4.71503
2020-05-02,3.32281
2020-05-03,3.6577
2020-05-04,22.53777
2020-05-05,4.99537
2020-05-06,23.03868
2020-05-07,20.86141
2020-05-08,18.66138
2020-05-09,4.02248
2020-05-10,4.21222
2020-05-11,19.48058
2020-05-12,20.64843
2020-05-13,20.10957
2020-05-14,18.89381
2020-05-15,18.50105
2020-05-16,3.75305
2020-05-17,3.88634
2020-05-18,19.22206
2020-05-19,24.66617
2020-05-20,19.92457
2020-05-21,19.34017
2020-05-22,17.51678
2020-05-23,3.66624
2020-05-24,3.94469
2020-05-25,19.2861
2020-05-26,23.78388
2020-05-27,25.14052
2020-05-28,37.84028
2020-05-29,26.50665
2020-05-30,5.4664
2020-05-31,4.20558
2020-06-01,26.14377
2020-06-02,35.37129
2020-06-03,100.0
2020-06-04,52.07646
2020-06-05,31.18611
2020-06-06,5.65614
2020-06-07,5.05419
2020-06-08,27.36902
2020-06-09,25.45122
2020-06-10,28.28451
2020-06-11,29.43908
2020-06-12,27.8576
2020-06-13,4.97402
2020-06-14,4.18992
2020-06-15,27.44017
2020-06-16,27.97618
2020-06-17,24.52766
2020-06-18,23.30621
2020-06-19,22.92863
2020-06-20,4.09743
2020-06-21,4.1202
2020-06-22,22.42392
2020-06-23,21.56962
2020-06-24,20.69587
2020-06-25,19.87287
2020-06-26,20.35291
2020-06-27,3.87875
2020-06-28,3.45089
2020-06-29,19.3952
2020-06-30,19.16087
2020-07-01,19.71064
2020-07-02,16.68619
2020-07-03,15.24085
2020-07-04,2.96753
2020-07-05,2.73083
2020-07-06,18.57647
2020-07-07,17.25161
2020-07-08,15.08478
2020-07-09,15.01411
2020-07-10,15.33666
2020-07-11,3.09086
2020-07-12,2.73509
2020-07-13,18.68605
2020-07-14,15.74887
2020-07-15,18.15999
2020-07-16,17.60311
2020-07-17,16.00502
2020-07-18,2.83898
2020-07-19,2.7868
2020-07-20,22.36083
2020-07-21,26.65512
2020-07-22,25.97538
2020-07-23,22.68102
2020-07-24,20.15463
2020-07-25,3.65154
2020-07-26,3.91101
2020-07-27,22.31767
2020-07-28,18.78424
2020-07-29,19.58779
2020-07-30,20.194
2020-07-31,16.27588
2020-08-01,3.15157
2020-08-02,2.92104
2020-08-03,16.30291
2020-08-04,16.72129
2020-08-05,16.89822
2020-08-06,20.99044
2020-08-07,17.32277
2020-08-08,3.68949
2020-08-09,3.62782
2020-08-10,80.45917
2020-08-11,33.67407
2020-08-12,34.38939
2020-08-13,29.79484
2020-08-14,23.07995
2020-08-15,3.67383
2020-08-16,3.2232
2020-08-17,4.79093
2020-08-18,21.2575
2020-08-19,18.56034
2020-08-20,20.26326
2020-08-21,18.01769
2020-08-22,2.99361
2020-08-23,2.63643
2020-08-24,16.98313
2020-08-25,17.95555
2020-08-26,17.34221
2020-08-27,18.52097
2020-08-28,19.07122
2020-08-29,3.43144
2020-08-30,3.12596
2020-08-31,19.37528
2020-09-01,18.32886
2020-09-02,17.34838
2020-09-03,20.11147
2020-09-04,19.41939
2020-09-05,4.27104
2020-09-06,4.22076
2020-09-07,26.722
2020-09-08,23.86737
2020-09-09,23.39681
2020-09-10,21.4904
2020-09-11,19.36532
2020-09-12,4.57794
2020-09-13,4.30235
2020-09-14,22.64734
2020-09-15,22.21758
2020-09-16,21.17638
2020-09-17,18.97967
2020-09-18,17.89531
2020-09-19,3.96413
2020-09-20,3.58323
2020-09-21,19.519
2020-09-22,19.93833
2020-09-23,18.89286
2020-09-24,17.92045
2020-09-25,17.6107
2020-09-26,3.97789
2020-09-27,3.31428
2020-09-28,17.26584
2020-09-29,16.26497
2020-09-30,3.09845
2020-10-01,2.3485
2020-10-02,2.4187
2020-10-03,2.61603
2020-10-04,3.73834
2020-10-05,23.43144
2020-10-06,20.65128
2020-10-07,19.72724
2020-10-08,18.7406
2020-10-09,3.87875
2020-10-10,3.40203
2020-10-11,4.22408
2020-10-12,22.40827
2020-10-13,19.76994
2020-10-14,19.77658
2020-10-15,17.88013
2020-10-16,17.07184
2020-10-17,3.46322
2020-10-18,3.30242
2020-10-19,26.41842
2020-10-20,22.29015
2020-10-21,23.90484
2020-10-22,32.21782
2020-10-23,40.37189
2020-10-24,7.81158
2020-10-25,5.72445
2020-10-26,29.8067
2020-10-27,29.40967
2020-10-28,28.2347
2020-10-29,24.71503
2020-10-30,22.07385
2020-10-31,3.86215
2020-11-01,3.5913
2020-11-02,26.15373
2020-11-03,25.93458
2020-11-04,27.4174
2020-11-05,26.15942
2020-11-06,20.98949
2020-11-07,3.52773
2020-11-08,3.52109
2020-11-09,22.3689
2020-11-10,32.49816
2020-11-11,36.78865
2020-11-12,29.11557
2020-11-13,24.79899
2020-11-14,4.85022
2020-11-15,5.65045
2020-11-16,31.71358
2020-11-17,28.03595
2020-11-18,24.42093
2020-11-19,22.54109
2020-11-20,22.7887
2020-11-21,4.53335
2020-11-22,4.69131
2020-11-23,26.17176
2020-11-24,24.41809
2020-11-25,30.96696
2020-11-26,25.18748
2020-11-27,21.72805
2020-11-28,3.95228
2020-11-29,4.01916
2020-11-30,28.20008
2020-12-01,26.14424
2020-12-02,27.10623
2020-12-03,28.06773
2020-12-04,27.03887
2020-12-05,5.35682
2020-12-06,6.34869
2020-12-07,28.17541
2020-12-08,25.54656
2020-12-09,24.29476
2020-12-10,23.64774
2020-12-11,23.80238
2020-12-12,4.44418
2020-12-13,4.66475
2020-12-14,21.84759
2020-12-15,22.5705
2020-12-16,22.82
2020-12-17,25.27998
2020-12-18,20.97621
2020-12-19,4.41287
2020-12-20,4.49019
2020-12-21,20.69397
2020-12-22,20.41553
2020-12-23,22.17299
2020-12-24,23.31712
2020-12-25,5.52759
2020-12-26,4.90335
2020-12-27,4.73827
2020-12-28,26.83395
2020-12-29,31.24493
2020-12-30,25.62388
2020-12-31,6.9976
2021-01-01,3.3508
2021-01-02,3.41911
2021-01-03,3.56094
2021-01-04,25.86675
2021-01-05,24.50442
2021-01-06,25.96352
2021-01-07,34.0915
2021-01-08,32.71873
2021-01-09,6.73813
2021-01-10,6.55788
2021-01-11,32.04326
2021-01-12,29.60036
2021-01-13,35.11799
2021-01-14,29.16111
2021-01-15,24.28906
2021-01-16,4.61684
2021-01-17,4.46979
2021-01-18,21.98088
2021-01-19,22.41633
2021-01-20,22.91772
2021-01-21,22.0212
2021-01-22,19.49956
2021-01-23,4.23546
2021-01-24,4.28242
2021-01-25,20.71057
2021-01-26,19.60771
2021-01-27,18.94362
2021-01-28,20.20112
2021-01-29,21.6403
2021-01-30,4.38061
2021-01-31,3.98216
2021-02-01,22.70284
2021-02-02,20.08016
2021-02-03,20.17977
2021-02-04,22.26928
2021-02-05,29.53205
2021-02-06,6.70113
2021-02-07,5.49628
2021-02-08,28.24846
2021-02-09,22.23845
2021-02-10,17.43234
2021-02-11,3.78009
2021-02-12,2.84609
2021-02-13,3.00358
2021-02-14,3.92097
2021-02-15,20.84197
2021-02-16,18.08742
2021-02-17,19.79318
2021-02-18,17.76012
2021-02-19,17.078
2021-02-20,3.91243
2021-02-21,3.89061
2021-02-22,16.61219
2021-02-23,17.40198
2021-02-24,21.61658
2021-02-25,22.90444
2021-02-26,18.34452
2021-02-27,3.54955
2021-02-28,3.44662
2021-03-01,4.12446
2021-03-02,17.47171
2021-03-03,18.55038
2021-03-04,20.4345
2021-03-05,22.69999
2021-03-06,4.34931
2021-03-07,4.06375
2021-03-08,33.72103
2021-03-09,41.29165
2021-03-10,27.71529
2021-03-11,26.55503
2021-03-12,22.69715
2021-03-13,5.22828
2021-03-14,4.90714
2021-03-15,22.29253
2021-03-16,19.44453
2021-03-17,18.12869
2021-03-18,21.67492
2021-03-19,22.17394
2021-03-20,4.28337
2021-03-21,3.75305
2021-03-22,19.2472
2021-03-23,17.75395
2021-03-24,16.4623
2021-03-25,20.70725
2021-03-26,20.36572
2021-03-27,4.8654
2021-03-28,4.30519
2021-03-29,18.76526
2021-03-30,20.14515
2021-03-31,21.04688
2021-04-01,18.45172
2021-04-02,16.69141
2021-04-03,3.40298
2021-04-04,3.15489
2021-04-05,16.27066
2021-04-06,16.94803
2021-04-07,21.85423
2021-04-08,19.09446
2021-04-09,18.502
2021-04-10,3.75969
2021-04-11,3.22794
2021-04-12,16.91672
2021-04-13,16.3143
2021-04-14,15.19341
2021-04-15,16.85316
2021-04-16,15.71994
2021-04-17,3.36883
2021-04-18,3.47698
2021-04-19,14.674
2021-04-20,16.35177
2021-04-21,16.73932
2021-04-22,20.92023
2021-04-23,25.61108
2021-04-24,4.69226
2021-04-25,3.87923
2021-04-26,21.12325
2021-04-27,17.87823
2021-04-28,18.93698
2021-04-29,16.56333
2021-04-30,18.317
2021-05-01,3.33467
2021-05-02,3.14588
2021-05-03,16.57946
2021-05-04,14.2689
2021-05-05,4.48782
2021-05-06,24.81037
2021-05-07,22.11465
2021-05-08,4.32179
2021-05-09,3.79432
2021-05-10,23.94279
2021-05-11,20.81588
2021-05-12,19.82781
2021-05-13,22.50409
2021-05-14,17.28292
2021-05-15,3.33799
2021-05-16,3.10983
2021-05-17,15.67108
2021-05-18,15.44102
2021-05-19,4.02011
2021-05-20,14.89694
2021-05-21,15.45525
2021-05-22,2.53966
2021-05-23,2.54346
2021-05-24,14.20012
2021-05-25,14.26606
2021-05-26,13.20636
2021-05-27,14.83812
2021-05-28,15.04114
2021-05-29,2.93669
2021-05-30,2.84467
2021-05-31,15.69859
2021-06-01,15.09712
2021-06-02,14.92019
2021-06-03,15.96233
2021-06-04,15.78445
2021-06-05,3.14968
2021-06-06,2.9865
2021-06-07,15.20622
2021-06-08,15.59613
2021-06-09,13.7955
2021-06-10,14.43967
2021-06-11,14.76602
2021-06-12,3.3361
2021-06-13,2.74316
2021-06-14,16.61266
2021-06-15,16.11365
2021-06-16,22.73462
2021-06-17,19.15138
2021-06-18,16.48981
2021-06-19,3.71652
2021-06-20,3.39681
2021-06-21,18.17754
2021-06-22,16.25927
2021-06-23,15.43059
2021-06-24,16.49123
2021-06-25,20.68069
2021-06-26,4.39532
2021-06-27,3.81092
2021-06-28,20.55593
2021-06-29,17.20133
2021-06-30,15.3267
2021-07-01,14.65123
2021-07-02,13.52275
2021-07-03,3.25878
2021-07-04,2.81241
2021-07-05,15.02502
2021-07-06,14.378
2021-07-07,16.48174
2021-07-08,14.22574
2021-07-09,16.85648
2021-07-10,3.99971
2021-07-11,3.35981
2021-07-12,15.55487
2021-07-13,14.08913
2021-07-14,13.76135
2021-07-15,13.42836
2021-07-16,12.3198
2021-07-17,2.67912
2021-07-18,2.88404
2021-07-19,13.51659
2021-07-20,14.91449
2021-07-21,16.48601
2021-07-22,23.72649
2021-07-23,23.153
2021-07-24,5.0134
2021-07-25,3.85029
2021-07-26,16.72603
2021-07-27,17.00495
2021-07-28,15.91585
2021-07-29,14.9975
2021-07-30,14.12565
2021-07-31,2.76403
2021-08-01,2.36652
2021-08-02,13.10627
2021-08-03,12.82356
2021-08-04,14.65455
2021-08-05,13.37096
2021-08-06,20.1072
2021-08-07,3.95654
2021-08-08,3.51587
2021-08-09,17.263
2021-08-10,13.73906
2021-08-11,14.88983
2021-08-12,14.20297
2021-08-13,13.92215
2021-08-14,2.71897
2021-08-15,2.05251
2021-08-16,2.91962
2021-08-17,12.84348
2021-08-18,12.06176
2021-08-19,14.12091
2021-08-20,12.95021
2021-08-21,2.62647
2021-08-22,2.52164
2021-08-23,11.93321
2021-08-24,12.75668
2021-08-25,12.69169
2021-08-26,18.94599
2021-08-27,14.29784
2021-08-28,2.9125
2021-08-29,2.59232
2021-08-30,15.29445
2021-08-31,14.22242
2021-09-01,12.12437
2021-09-02,11.11116
2021-09-03,10.06332
2021-09-04,1.90593
2021-09-05,1.71809
2021-09-06,10.46557
2021-09-07,10.12119
2021-09-08,10.69421
2021-09-09,11.16571
2021-09-10,11.02815
2021-09-11,2.34138
2021-09-12,2.10231
2021-09-13,10.25259
2021-09-14,11.5153
2021-09-15,10.14111
2021-09-16,9.08426
2021-09-17,8.47899
2021-09-18,1.67587
2021-09-19,1.433
2021-09-20,1.53072
2021-09-21,1.56819
2021-09-22,1.8898
2021-09-23,10.40106
2021-09-24,11.33078
2021-09-25,2.18722
2021-09-26,1.99843
2021-09-27,10.13163
2021-09-28,14.63368
2021-09-29,14.49659
2021-09-30,13.92927
2021-10-01,11.2122
2021-10-02,2.08097
2021-10-03,2.1488
2021-10-04,2.7128
2021-10-05,12.3938
2021-10-06,11.83312
2021-10-07,11.55989
2021-10-08,10.36785
2021-10-09,3.00073
2021-10-10,2.07385
2021-10-11,2.24699
2021-10-12,11.70599
2021-10-13,10.62448
2021-10-14,10.39537
2021-10-15,10.80947
2021-10-16,2.42961
2021-10-17,2.6739
2021-10-18,11.56891
2021-10-19,12.01622
2021-10-20,13.16035
2021-10-21,16.40632
2021-10-22,15.50174
2021-10-23,3.15157
2021-10-24,2.91155
2021-10-25,18.58691
2021-10-26,17.60311
2021-10-27,15.42916
2021-10-28,14.5668
2021-10-29,11.99772
2021-10-30,2.45807
2021-10-31,2.60797
2021-11-01,12.21829
2021-11-02,12.3791
2021-11-03,12.57975
2021-11-04,11.67943
2021-11-05,11.46692
2021-11-06,2.23181
2021-11-07,2.10279
2021-11-08,11.01724
2021-11-09,10.15155
2021-11-10,9.17297
2021-11-11,9.49268
2021-11-12,9.19906
2021-11-13,1.93866
2021-11-14,1.97993
2021-11-15,10.18618
2021-11-16,10.66622
2021-11-17,10.69515
2021-11-18,11.95692
2021-11-19,11.91803
2021-11-20,2.66062
2021-11-21,2.98033
2021-11-22,16.6933
2021-11-23,12.94025
2021-11-24,11.87059
2021-11-25,11.85162
2021-11-26,10.93897
2021-11-27,2.25078
2021-11-28,1.87747
2021-11-29,9.99075
2021-11-30,14.14652
2021-12-01,11.20176
2021-12-02,9.96466
2021-12-03,10.29575
2021-12-04,2.21805
2021-12-05,2.06863
2021-12-06,10.47031
2021-12-07,10.43853
2021-12-08,10.87066
2021-12-09,10.2597
2021-12-10,8.91113
2021-12-11,1.8898
2021-12-12,1.81106
2021-12-13,10.28626
2021-12-14,9.25408
2021-12-15,8.97848
2021-12-16,11.03574
2021-12-17,11.93842
2021-12-18,2.53777
2021-12-19,2.09472
2021-12-20,11.07511
2021-12-21,10.49545
2021-12-22,9.34184
2021-12-23,9.11747
2021-12-24,8.71617
2021-12-25,1.7679
2021-12-26,1.77264
2021-12-27,9.92339
2021-12-28,11.24825
2021-12-29,12.33451
2021-12-30,8.43962
2021-12-31,2.89969
2022-01-01,1.31821
2022-01-02,1.49325
2022-01-03,8.50129
2022-01-04,8.82859
2022-01-05,9.3148
2022-01-06,8.62082
2022-01-07,8.73087
2022-01-08,2.00934
2022-01-09,2.10231
2022-01-10,18.26008
2022-01-11,22.72703
2022-01-12,19.90892
2022-01-13,15.43343
2022-01-14,15.12416
2022-01-15,2.93669
2022-01-16,2.52828
2022-01-17,11.79375
2022-01-18,11.36256
2022-01-19,13.94777
2022-01-20,11.74489
2022-01-21,9.67625
2022-01-22,2.24936
2022-01-23,2.08761
2022-01-24,10.46842
2022-01-25,10.51585
2022-01-26,10.31947
2022-01-27,10.75065
2022-01-28,10.44849
2022-01-29,2.07101
2022-01-30,1.60899
2022-01-31,1.5459
2022-02-01,1.42968
2022-02-02,1.70813
2022-02-03,9.57427
2022-02-04,11.30327
2022-02-05,2.60939
2022-02-06,2.47847
2022-02-07,10.80188
2022-02-08,12.86673
2022-02-09,20.91264
2022-02-10,17.55709
2022-02-11,17.93752
2022-02-12,3.62213
2022-02-13,2.84514
2022-02-14,12.39997
2022-02-15,10.5315
2022-02-16,11.58693
2022-02-17,12.51903
2022-02-18,9.89255
2022-02-19,1.8528
2022-02-20,1.97281
2022-02-21,9.13597
2022-02-22,8.49844
2022-02-23,8.47994
2022-02-24,8.93579
2022-02-25,10.31188
2022-02-26,1.97898
2022-02-27,1.53357
2022-02-28,7.96812
2022-03-01,2.08761
2022-03-02,10.94609
2022-03-03,9.13454
2022-03-04,8.24988
2022-03-05,1.97756
2022-03-06,1.75367
2022-03-07,8.98987
2022-03-08,9.01928
2022-03-09,1.97234
2022-03-10,8.38317
2022-03-11,7.75514
2022-03-12,1.68821
2022-03-13,2.03875
2022-03-14,8.6047
2022-03-15,8.86369
2022-03-16,8.33527
2022-03-17,10.23171
2022-03-18,8.69387
2022-03-19,3.59841
2022-03-20,2.33142
2022-03-21,8.14505
2022-03-22,9.04584
2022-03-23,11.21077
2022-03-24,11.47593
2022-03-25,11.64006
2022-03-26,2.45855
2022-03-27,2.27165
2022-03-28,11.07179
2022-03-29,10.26397
2022-03-30,9.02687
2022-03-31,9.07525
2022-04-01,7.67497
2022-04-02,1.7086
2022-04-03,1.64219
2022-04-04,7.92258
2022-04-05,9.78772
2022-04-06,8.36467
2022-04-07,8.68296
2022-04-08,8.06157
2022-04-09,1.71714
2022-04-10,1.53594
2022-04-11,8.6047
2022-04-12,8.68154
2022-04-13,8.22522
2022-04-14,9.23938
2022-04-15,7.61141
2022-04-16,1.52361
2022-04-17,1.42542
2022-04-18,6.96772
2022-04-19,8.57718
2022-04-20,9.50264
2022-04-21,9.74788
2022-04-22,13.4535
2022-04-23,3.64442
2022-04-24,2.31292
2022-04-25,11.58314
2022-04-26,8.79396
2022-04-27,9.24744
2022-04-28,17.975
2022-04-29,12.74008
2022-04-30,2.8034
2022-05-01,1.9491
2022-05-02,8.65687
2022-05-03,8.01745
2022-05-04,7.81822
2022-05-05,1.99037
2022-05-06,7.60666
2022-05-07,1.507
2022-05-08,1.39648
2022-05-09,7.30118
2022-05-10,7.8334
2022-05-11,8.22664
2022-05-12,8.01176
2022-05-13,8.33384
2022-05-14,1.4885
2022-05-15,1.34098
2022-05-16,7.25754
2022-05-17,7.99089
2022-05-18,9.62312
2022-05-19,9.67862
2022-05-20,7.99231
2022-05-21,1.40692
2022-05-22,1.35474
2022-05-23,6.97815
2022-05-24,7.9278
2022-05-25,7.48523
2022-05-26,7.23003
2022-05-27,7.1788
2022-05-28,1.32153
2022-05-29,1.18113
2022-05-30,7.48713
2022-05-31,7.9444
2022-06-01,1.7086
2022-06-02,7.58864
2022-06-03,6.80027
2022-06-04,1.41451
2022-06-05,1.13274
2022-06-06,1.30635
2022-06-07,6.14519
2022-06-08,6.25477
2022-06-09,6.29793
2022-06-10,6.72817
2022-06-11,1.44107
2022-06-12,1.27742
2022-06-13,8.04781
2022-06-14,8.60138
2022-06-15,7.42926
2022-06-16,8.10521
2022-06-17,8.42492
2022-06-18,1.80632
2022-06-19,1.72426
2022-06-20,9.01548
2022-06-21,7.98804
2022-06-22,10.27393
2022-06-23,8.79776
2022-06-24,7.82344
2022-06-25,1.55254
2022-06-26,2.02499
2022-06-27,9.76543
2022-06-28,8.74131
2022-06-29,8.59379
2022-06-30,7.36569
2022-07-01,6.85767
2022-07-02,1.38842
2022-07-03,1.36422
2022-07-04,8.23138
2022-07-05,7.94725
2022-07-06,9.79199
2022-07-07,8.68866
2022-07-08,7.55496
2022-07-09,1.33719
2022-07-10,1.21575
2022-07-11,6.60104
2022-07-12,6.52847
2022-07-13,8.21431
2022-07-14,7.58959
2022-07-15,9.41014
2022-07-16,2.0027
2022-07-17,2.15307
2022-07-18,9.41488
2022-07-19,8.05777
2022-07-20,9.20143
2022-07-21,9.36413
2022-07-22,11.5376
2022-07-23,2.25648
2022-07-24,1.83146
2022-07-25,8.18964
2022-07-26,7.39416
2022-07-27,6.62666
2022-07-28,7.3453
2022-07-29,6.48198
2022-07-30,1.25512
2022-07-31,1.12468
2022-08-01,6.43597
2022-08-02,5.7586
2022-08-03,6.03799
2022-08-04,6.42838
2022-08-05,7.86234
2022-08-06,1.34051
2022-08-07,1.4904
2022-08-08,7.693
2022-08-09,7.07634
2022-08-10,6.57258
2022-08-11,7.55449
2022-08-12,7.18876
2022-08-13,1.44012
2022-08-14,1.13227
2022-08-15,1.27694
2022-08-16,7.0735
2022-08-17,6.1229
2022-08-18,5.9583
2022-08-19,6.1376
2022-08-20,1.24089
2022-08-21,1.23188
2022-08-22,6.48103
2022-08-23,5.99293
2022-08-24,6.23342
2022-08-25,6.49621
2022-08-26,5.6457
2022-08-27,1.17069
2022-08-28,0.98095
2022-08-29,5.94976
2022-08-30,5.55083
2022-08-31,5.75623
2022-09-01,7.43542
2022-09-02,6.03609
2022-09-03,1.18397
2022-09-04,1.08151
2022-09-05,5.67416
2022-09-06,5.40758
2022-09-07,6.1599
2022-09-08,5.26717
2022-09-09,0.99328
2022-09-10,0.76654
2022-09-11,1.0872
2022-09-12,1.37893
2022-09-13,7.46151
2022-09-14,6.78841
2022-09-15,6.11484
2022-09-16,5.65377
2022-09-17,1.17401
2022-09-18,1.11899
2022-09-19,5.48537
2022-09-20,5.68507
2022-09-21,5.29848
2022-09-22,5.78659
2022-09-23,6.30837
2022-09-24,1.31584
2022-09-25,1.14128
2022-09-26,7.54832
2022-09-27,8.33194
2022-09-28,7.8372
2022-09-29,6.68548
2022-09-30,6.34774
2022-10-01,1.29971
2022-10-02,1.09432
2022-10-03,1.28074
2022-10-04,6.47534
2022-10-05,6.40561
2022-10-06,6.26663
2022-10-07,6.38569
2022-10-08,1.23615
2022-10-09,1.02649
2022-10-10,1.18018
2022-10-11,6.13713
2022-10-12,6.57021
2022-10-13,6.26805
2022-10-14,6.944
2022-10-15,1.50416
2022-10-16,1.23568
2022-10-17,7.22908
2022-10-18,7.85095
2022-10-19,8.04923
2022-10-20,6.65132
2022-10-21,5.83687
2022-10-22,1.16595
2022-10-23,1.14175
2022-10-24,7.40649
2022-10-25,9.36176
2022-10-26,8.0886
2022-10-27,7.64414
2022-10-28,7.11619
2022-10-29,1.64219
2022-10-30,1.08246
2022-10-31,6.31216
2022-11-01,6.49716
2022-11-02,6.27469
2022-11-03,6.34584
2022-11-04,5.69266
2022-11-05,1.08626
2022-11-06,0.95201
2022-11-07,5.78753
2022-11-08,6.43028
2022-11-09,6.94163
2022-11-10,6.28086
2022-11-11,7.8021
2022-11-12,1.37276
2022-11-13,1.15361
2022-11-14,6.45874
2022-11-15,6.41652
2022-11-16,7.30877
2022-11-17,6.09918
2022-11-18,5.8639
2022-11-19,1.15266
2022-11-20,1.16642
2022-11-21,6.35865
2022-11-22,6.57827
2022-11-23,6.66508
2022-11-24,7.36427
2022-11-25,6.11009
2022-11-26,1.15172
2022-11-27,1.18539
2022-11-28,5.69551
2022-11-29,8.19676
2022-11-30,9.65538
2022-12-01,9.64542
2022-12-02,7.23667
2022-12-03,1.18729
2022-12-04,1.42257
2022-12-05,6.88281
2022-12-06,6.02803
2022-12-07,6.55883
2022-12-08,8.81958
2022-12-09,8.45006
2022-12-10,1.64219
2022-12-11,1.58812
2022-12-12,8.5677
2022-12-13,7.48333
2022-12-14,7.38182
2022-12-15,7.323
2022-12-16,6.86099
2022-12-17,1.30066
2022-12-18,1.37371
2022-12-19,6.28655
2022-12-20,8.97896
2022-12-21,6.58302
2022-12-22,6.54033
2022-12-23,6.09064
2022-12-24,1.16689
2022-12-25,1.30778
2022-12-26,7.06259
2022-12-27,8.63837
2022-12-28,12.18082
2022-12-29,7.22197
2022-12-30,2.65398
2022-12-31,1.09052
2023-01-01,1.17306
2023-01-02,6.42885
2023-01-03,6.63425
2023-01-04,8.18964
2023-01-05,14.90406
2023-01-06,15.13981
2023-01-07,2.86601
2023-01-08,2.43199
2023-01-09,11.96783
2023-01-10,10.27346
2023-01-11,9.22894
2023-01-12,7.87609
2023-01-13,9.04394
2023-01-14,2.07433
2023-01-15,1.7437
2023-01-16,17.27675
2023-01-17,12.53658
2023-01-18,10.64677
2023-01-19,8.59047
2023-01-20,7.7058
2023-01-21,1.6365
2023-01-22,1.18682
2023-01-23,1.28026
2023-01-24,1.55539
2023-01-25,9.23558
2023-01-26,10.76156
2023-01-27,10.80615
2023-01-28,2.20952
2023-01-29,1.76884
2023-01-30,8.46002
2023-01-31,8.98797
2023-02-01,8.3865
2023-02-02,8.81436
2023-02-03,12.58639
2023-02-04,2.17679
2023-02-05,1.6033
2023-02-06,7.80257
2023-02-07,8.64691
2023-02-08,12.5399
2023-02-09,11.62393
2023-02-10,8.74178
2023-02-11,1.77406
2023-02-12,1.56155
2023-02-13,8.52358
2023-02-14,9.19147
2023-02-15,10.75208
2023-02-16,10.48075
2023-02-17,8.85278
2023-02-18,1.83146
2023-02-19,1.6161
2023-02-20,7.84479
2023-02-21,7.04551
2023-02-22,6.90083
2023-02-23,6.88613
2023-02-24,6.15753
2023-02-25,1.24848
2023-02-26,1.21054