Date,dividend_growth
2018-02-26,0
2018-02-27,0
2018-02-28,0
2018-03-01,0
2018-03-02,0
2018-03-03,0
2018-03-04,0
2018-03-05,0
2018-03-06,0
2018-03-07,0
2018-03-08,0
2018-03-09,0
2018-03-10,0
2018-03-11,0
2018-03-12,0
2018-03-13,0
2018-03-14,0
2018-03-15,5.47945
2018-03-16,0
2018-03-17,0
2018-03-18,0
2018-03-19,0
2018-03-20,0
2018-03-21,0
2018-03-22,0
2018-03-23,0
2018-03-24,0
2018-03-25,0
2018-03-26,0
2018-03-27,0
2018-03-28,0
2018-03-29,0
2018-03-30,0
2018-03-31,0
2018-04-01,0
2018-04-02,0
2018-04-03,0
2018-04-04,0
2018-04-05,0
2018-04-06,0
2018-04-07,0
2018-04-08,0
2018-04-09,0
2018-04-10,0
2018-04-11,0
2018-04-12,0
2018-04-13,0
2018-04-14,0
2018-04-15,0
2018-04-16,0
2018-04-17,0
2018-04-18,0
2018-04-19,0
2018-04-20,0
2018-04-21,0
2018-04-22,0
2018-04-23,0
2018-04-24,0
2018-04-25,0
2018-04-26,0
2018-04-27,0
2018-04-28,0
2018-04-29,0
2018-04-30,0
2018-05-01,0
2018-05-02,0
2018-05-03,0
2018-05-04,0
2018-05-05,0
2018-05-06,0
2018-05-07,0
2018-05-08,0
2018-05-09,0
2018-05-10,0
2018-05-11,0
2018-05-12,0
2018-05-13,0
2018-05-14,0
2018-05-15,0
2018-05-16,0
2018-05-17,0
2018-05-18,0
2018-05-19,0
2018-05-20,0
2018-05-21,0
2018-05-22,0
2018-05-23,0
2018-05-24,0
2018-05-25,0
2018-05-26,0
2018-05-27,0
2018-05-28,0
2018-05-29,0
2018-05-30,0
2018-05-31,0
2018-06-01,0
2018-06-02,0
2018-06-03,0
2018-06-04,0
2018-06-05,0
2018-06-06,0
2018-06-07,0
2018-06-08,0
2018-06-09,0
2018-06-10,0
2018-06-11,0
2018-06-12,0
2018-06-13,0
2018-06-14,0
2018-06-15,0
2018-06-16,0
2018-06-17,0
2018-06-18,0
2018-06-19,0
2018-06-20,0
2018-06-21,0
2018-06-22,0
2018-06-23,0
2018-06-24,0
2018-06-25,0
2018-06-26,0
2018-06-27,0
2018-06-28,0
2018-06-29,0
2018-06-30,0
2018-07-01,0
2018-07-02,0
2018-07-03,0
2018-07-04,0
2018-07-05,0
2018-07-06,1.71232
2018-07-07,0
2018-07-08,0
2018-07-09,0
2018-07-10,0
2018-07-11,0
2018-07-12,0
2018-07-13,0
2018-07-14,0
2018-07-15,0
2018-07-16,0
2018-07-17,0
2018-07-18,0
2018-07-19,0
2018-07-20,0
2018-07-21,0
2018-07-22,0
2018-07-23,0
2018-07-24,0
2018-07-25,0
2018-07-26,0
2018-07-27,0
2018-07-28,0
2018-07-29,0
2018-07-30,0
2018-07-31,0
2018-08-01,0
2018-08-02,0
2018-08-03,0
2018-08-04,0
2018-08-05,0
2018-08-06,0
2018-08-07,0
2018-08-08,0
2018-08-09,0
2018-08-10,0
2018-08-11,0
2018-08-12,0
2018-08-13,0
2018-08-14,0
2018-08-15,0
2018-08-16,0
2018-08-17,0
2018-08-18,0
2018-08-19,0
2018-08-20,0
2018-08-21,0
2018-08-22,0
2018-08-23,0
2018-08-24,0
2018-08-25,0
2018-08-26,0
2018-08-27,0
2018-08-28,1.71232
2018-08-29,0
2018-08-30,2.05479
2018-08-31,0
2018-09-01,0
2018-09-02,0
2018-09-03,0
2018-09-04,0
2018-09-05,0
2018-09-06,0
2018-09-07,0
2018-09-08,0
2018-09-09,0
2018-09-10,0
2018-09-11,0
2018-09-12,0
2018-09-13,0
2018-09-14,0
2018-09-15,0
2018-09-16,0
2018-09-17,0
2018-09-18,0
2018-09-19,0
2018-09-20,1.71232
2018-09-21,2.73972
2018-09-22,1.71232
2018-09-23,0
2018-09-24,0
2018-09-25,1.71232
2018-09-26,0
2018-09-27,1.71232
2018-09-28,0
2018-09-29,0
2018-09-30,0
2018-10-01,0
2018-10-02,0
2018-10-03,0
2018-10-04,0
2018-10-05,0
2018-10-06,0
2018-10-07,0
2018-10-08,0
2018-10-09,0
2018-10-10,0
2018-10-11,0
2018-10-12,0
2018-10-13,0
2018-10-14,0
2018-10-15,0
2018-10-16,0
2018-10-17,3.42465
2018-10-18,0
2018-10-19,0
2018-10-20,0
2018-10-21,0
2018-10-22,0
2018-10-23,0
2018-10-24,0
2018-10-25,0
2018-10-26,0
2018-10-27,0
2018-10-28,0
2018-10-29,0
2018-10-30,0
2018-10-31,0
2018-11-01,0
2018-11-02,0
2018-11-03,0
2018-11-04,2.05479
2018-11-05,0
2018-11-06,0
2018-11-07,0
2018-11-08,0
2018-11-09,33.9041
2018-11-10,9.24657
2018-11-11,2.39726
2018-11-12,2.73972
2018-11-13,0
2018-11-14,0
2018-11-15,0
2018-11-16,0
2018-11-17,0
2018-11-18,0
2018-11-19,0
2018-11-20,0
2018-11-21,0
2018-11-22,1.71232
2018-11-23,0
2018-11-24,0
2018-11-25,0
2018-11-26,2.05479
2018-11-27,0
2018-11-28,1.71232
2018-11-29,0
2018-11-30,0
2018-12-01,0
2018-12-02,0
2018-12-03,0
2018-12-04,0
2018-12-05,0
2018-12-06,0
2018-12-07,0
2018-12-08,0
2018-12-09,0
2018-12-10,0
2018-12-11,0
2018-12-12,0
2018-12-13,0
2018-12-14,0
2018-12-15,0
2018-12-16,0
2018-12-17,0
2018-12-18,0
2018-12-19,0
2018-12-20,0
2018-12-21,0
2018-12-22,0
2018-12-23,0
2018-12-24,0
2018-12-25,0
2018-12-26,0
2018-12-27,0
2018-12-28,0
2018-12-29,0
2018-12-30,0
2018-12-31,0
2019-01-01,2.73972
2019-01-02,0
2019-01-03,0
2019-01-04,0
2019-01-05,0
2019-01-06,0
2019-01-07,0
2019-01-08,0
2019-01-09,0
2019-01-10,0
2019-01-11,0
2019-01-12,0
2019-01-13,0
2019-01-14,0
2019-01-15,0
2019-01-16,0
2019-01-17,0
2019-01-18,0
2019-01-19,0
2019-01-20,0
2019-01-21,0
2019-01-22,0
2019-01-23,0
2019-01-24,0
2019-01-25,0
2019-01-26,0
2019-01-27,0
2019-01-28,1.71232
2019-01-29,1.71232
2019-01-30,0
2019-01-31,0
2019-02-01,0
2019-02-02,1.71232
2019-02-03,3.42465
2019-02-04,0
2019-02-05,0
2019-02-06,2.05479
2019-02-07,0
2019-02-08,0
2019-02-09,2.05479
2019-02-10,2.05479
2019-02-11,0
2019-02-12,0
2019-02-13,0
2019-02-14,1.71232
2019-02-15,0
2019-02-16,2.73972
2019-02-17,1.71232
2019-02-18,3.76712
2019-02-19,1.71232
2019-02-20,2.73972
2019-02-21,0
2019-02-22,2.05479
2019-02-23,2.05479
2019-02-24,1.71232
2019-02-25,0
2019-02-26,0
2019-02-27,0
2019-02-28,1.71232
2019-03-01,1.71232
2019-03-02,0
2019-03-03,0
2019-03-04,0
2019-03-05,0
2019-03-06,0
2019-03-07,0
2019-03-08,0
2019-03-09,0
2019-03-10,0
2019-03-11,0
2019-03-12,0
2019-03-13,2.05479
2019-03-14,1.71232
2019-03-15,1.71232
2019-03-16,3.08219
2019-03-17,0
2019-03-18,0
2019-03-19,0
2019-03-20,0
2019-03-21,0
2019-03-22,2.39726
2019-03-23,0
2019-03-24,0
2019-03-25,0
2019-03-26,0
2019-03-27,0
2019-03-28,0
2019-03-29,0
2019-03-30,0
2019-03-31,2.05479
2019-04-01,2.39726
2019-04-02,0
2019-04-03,0
2019-04-04,0
2019-04-05,0
2019-04-06,0
2019-04-07,2.73972
2019-04-08,3.76712
2019-04-09,0
2019-04-10,1.71232
2019-04-11,0
2019-04-12,0
2019-04-13,0
2019-04-14,2.73972
2019-04-15,3.76712
2019-04-16,0
2019-04-17,5.47945
2019-04-18,0
2019-04-19,4.10958
2019-04-20,3.08219
2019-04-21,0
2019-04-22,0
2019-04-23,0
2019-04-24,1.71232
2019-04-25,0
2019-04-26,0
2019-04-27,1.71232
2019-04-28,2.05479
2019-04-29,0
2019-04-30,4.45205
2019-05-01,5.13698
2019-05-02,5.13698
2019-05-03,2.39726
2019-05-04,2.39726
2019-05-05,1.71232
2019-05-06,0
2019-05-07,0
2019-05-08,1.71232
2019-05-09,3.76712
2019-05-10,0
2019-05-11,0
2019-05-12,0
2019-05-13,3.42465
2019-05-14,0
2019-05-15,0
2019-05-16,0
2019-05-17,3.76712
2019-05-18,0
2019-05-19,0
2019-05-20,2.05479
2019-05-21,0
2019-05-22,2.05479
2019-05-23,0
2019-05-24,0
2019-05-25,0
2019-05-26,0
2019-05-27,1.71232
2019-05-28,0
2019-05-29,0
2019-05-30,0
2019-05-31,0
2019-06-01,2.39726
2019-06-02,0
2019-06-03,0
2019-06-04,1.71232
2019-06-05,0
2019-06-06,0
2019-06-07,1.71232
2019-06-08,2.05479
2019-06-09,0
2019-06-10,0
2019-06-11,0
2019-06-12,1.71232
2019-06-13,2.73972
2019-06-14,0
2019-06-15,0
2019-06-16,1.71232
2019-06-17,4.45205
2019-06-18,2.39726
2019-06-19,0
2019-06-20,5.47945
2019-06-21,2.39726
2019-06-22,2.05479
2019-06-23,2.05479
2019-06-24,0
2019-06-25,0
2019-06-26,1.71232
2019-06-27,3.76712
2019-06-28,0
2019-06-29,0
2019-06-30,0
2019-07-01,4.45205
2019-07-02,3.76712
2019-07-03,2.05479
2019-07-04,2.39726
2019-07-05,0
2019-07-06,0
2019-07-07,3.42465
2019-07-08,2.05479
2019-07-09,3.08219
2019-07-10,0
2019-07-11,0
2019-07-12,4.10958
2019-07-13,0
2019-07-14,1.71232
2019-07-15,1.71232
2019-07-16,2.39726
2019-07-17,0
2019-07-18,0
2019-07-19,2.05479
2019-07-20,0
2019-07-21,3.76712
2019-07-22,4.10958
2019-07-23,1.71232
2019-07-24,0
2019-07-25,0
2019-07-26,2.05479
2019-07-27,0
2019-07-28,3.08219
2019-07-29,3.76712
2019-07-30,5.13698
2019-07-31,2.39726
2019-08-01,0
2019-08-02,0
2019-08-03,0
2019-08-04,7.87671
2019-08-05,2.39726
2019-08-06,0
2019-08-07,2.73972
2019-08-08,2.05479
2019-08-09,2.73972
2019-08-10,2.73972
2019-08-11,4.10958
2019-08-12,2.05479
2019-08-13,0
2019-08-14,3.42465
2019-08-15,2.39726
2019-08-16,0
2019-08-17,0
2019-08-18,3.08219
2019-08-19,0
2019-08-20,0
2019-08-21,0
2019-08-22,3.08219
2019-08-23,1.71232
2019-08-24,0
2019-08-25,0
2019-08-26,0
2019-08-27,0
2019-08-28,0
2019-08-29,0
2019-08-30,0
2019-08-31,0
2019-09-01,0
2019-09-02,0
2019-09-03,4.45205
2019-09-04,0
2019-09-05,0
2019-09-06,3.76712
2019-09-07,7.19178
2019-09-08,0
2019-09-09,0
2019-09-10,4.10958
2019-09-11,4.45205
2019-09-12,1.71232
2019-09-13,3.76712
2019-09-14,0
2019-09-15,2.39726
2019-09-16,5.13698
2019-09-17,0
2019-09-18,1.71232
2019-09-19,4.10958
2019-09-20,2.39726
2019-09-21,0
2019-09-22,0
2019-09-23,0
2019-09-24,1.71232
2019-09-25,0
2019-09-26,4.45205
2019-09-27,2.05479
2019-09-28,0
2019-09-29,2.39726
2019-09-30,0
2019-10-01,3.42465
2019-10-02,0
2019-10-03,4.10958
2019-10-04,0
2019-10-05,3.76712
2019-10-06,0
2019-10-07,5.47945
2019-10-08,2.39726
2019-10-09,2.39726
2019-10-10,0
2019-10-11,0
2019-10-12,2.39726
2019-10-13,0
2019-10-14,3.08219
2019-10-15,4.45205
2019-10-16,0
2019-10-17,1.71232
2019-10-18,1.71232
2019-10-19,0
2019-10-20,5.13698
2019-10-21,3.42465
2019-10-22,2.05479
2019-10-23,5.13698
2019-10-24,5.13698
2019-10-25,7.19178
2019-10-26,2.05479
2019-10-27,4.79452
2019-10-28,6.16438
2019-10-29,5.82191
2019-10-30,5.13698
2019-10-31,6.16438
2019-11-01,3.08219
2019-11-02,0
2019-11-03,4.45205
2019-11-04,4.10958
2019-11-05,3.76712
2019-11-06,3.76712
2019-11-07,5.47945
2019-11-08,3.42465
2019-11-09,0
2019-11-10,1.71232
2019-11-11,3.42465
2019-11-12,6.16438
2019-11-13,13.69863
2019-11-14,14.72602
2019-11-15,6.16438
2019-11-16,4.79452
2019-11-17,6.50684
2019-11-18,6.16438
2019-11-19,3.76712
2019-11-20,10.61643
2019-11-21,5.82191
2019-11-22,2.73972
2019-11-23,4.10958
2019-11-24,7.19178
2019-11-25,2.05479
2019-11-26,3.76712
2019-11-27,8.21917
2019-11-28,10.9589
2019-11-29,5.47945
2019-11-30,3.76712
2019-12-01,5.82191
2019-12-02,6.50684
2019-12-03,4.10958
2019-12-04,8.21917
2019-12-05,6.16438
2019-12-06,1.71232
2019-12-07,2.73972
2019-12-08,4.10958
2019-12-09,5.47945
2019-12-10,3.76712
2019-12-11,4.10958
2019-12-12,0
2019-12-13,6.16438
2019-12-14,8.21917
2019-12-15,6.16438
2019-12-16,4.79452
2019-12-17,5.82191
2019-12-18,5.13698
2019-12-19,6.84931
2019-12-20,6.16438
2019-12-21,11.9863
2019-12-22,5.13698
2019-12-23,10.27397
2019-12-24,4.45205
2019-12-25,5.13698
2019-12-26,10.27397
2019-12-27,2.39726
2019-12-28,7.87671
2019-12-29,6.84931
2019-12-30,6.16438
2019-12-31,4.45205
2020-01-01,7.19178
2020-01-02,2.73972
2020-01-03,6.84931
2020-01-04,8.21917
2020-01-05,13.35616
2020-01-06,13.35616
2020-01-07,9.9315
2020-01-08,11.64383
2020-01-09,4.79452
2020-01-10,4.45205
2020-01-11,5.13698
2020-01-12,10.61643
2020-01-13,15.41095
2020-01-14,10.9589
2020-01-15,10.27397
2020-01-16,10.9589
2020-01-17,6.84931
2020-01-18,9.24657
2020-01-19,12.32876
2020-01-20,9.58904
2020-01-21,10.61643
2020-01-22,13.69863
2020-01-23,7.87671
2020-01-24,8.9041
2020-01-25,6.50684
2020-01-26,5.13698
2020-01-27,6.84931
2020-01-28,5.13698
2020-01-29,10.9589
2020-01-30,9.24657
2020-01-31,5.82191
2020-02-01,7.87671
2020-02-02,8.21917
2020-02-03,12.67123
2020-02-04,13.01369
2020-02-05,9.24657
2020-02-06,11.30136
2020-02-07,12.32876
2020-02-08,11.9863
2020-02-09,13.01369
2020-02-10,7.87671
2020-02-11,8.56164
2020-02-12,11.30136
2020-02-13,14.04109
2020-02-14,10.27397
2020-02-15,6.16438
2020-02-16,8.21917
2020-02-17,13.69863
2020-02-18,13.01369
2020-02-19,9.24657
2020-02-20,12.32876
2020-02-21,6.16438
2020-02-22,4.79452
2020-02-23,7.53424
2020-02-24,11.9863
2020-02-25,6.84931
2020-02-26,8.9041
2020-02-27,7.53424
2020-02-28,8.21917
2020-02-29,13.35616
2020-03-01,13.01369
2020-03-02,11.30136
2020-03-03,11.64383
2020-03-04,13.01369
2020-03-05,14.72602
2020-03-06,14.72602
2020-03-07,13.35616
2020-03-08,12.32876
2020-03-09,9.9315
2020-03-10,13.35616
2020-03-11,13.01369
2020-03-12,10.9589
2020-03-13,11.64383
2020-03-14,12.32876
2020-03-15,17.80821
2020-03-16,14.04109
2020-03-17,13.69863
2020-03-18,9.9315
2020-03-19,17.46575
2020-03-20,14.04109
2020-03-21,16.09589
2020-03-22,11.30136
2020-03-23,11.64383
2020-03-24,10.9589
2020-03-25,13.35616
2020-03-26,17.12328
2020-03-27,13.01369
2020-03-28,15.41095
2020-03-29,17.46575
2020-03-30,11.64383
2020-03-31,24.65753
2020-04-01,23.9726
2020-04-02,15.06849
2020-04-03,9.9315
2020-04-04,16.09589
2020-04-05,7.87671
2020-04-06,14.38356
2020-04-07,16.43835
2020-04-08,10.27397
2020-04-09,20.20547
2020-04-10,22.9452
2020-04-11,15.06849
2020-04-12,12.67123
2020-04-13,11.30136
2020-04-14,14.38356
2020-04-15,11.30136
2020-04-16,18.15068
2020-04-17,16.09589
2020-04-18,14.04109
2020-04-19,10.9589
2020-04-20,11.30136
2020-04-21,7.53424
2020-04-22,8.56164
2020-04-23,10.61643
2020-04-24,10.9589
2020-04-25,7.19178
2020-04-26,10.61643
2020-04-27,9.58904
2020-04-28,9.58904
2020-04-29,11.64383
2020-04-30,8.56164
2020-05-01,11.64383
2020-05-02,7.87671
2020-05-03,10.61643
2020-05-04,11.30136
2020-05-05,12.32876
2020-05-06,15.06849
2020-05-07,5.13698
2020-05-08,10.27397
2020-05-09,13.35616
2020-05-10,3.76712
2020-05-11,6.16438
2020-05-12,7.19178
2020-05-13,10.27397
2020-05-14,8.9041
2020-05-15,8.21917
2020-05-16,3.76712
2020-05-17,8.9041
2020-05-18,8.9041
2020-05-19,6.50684
2020-05-20,8.9041
2020-05-21,13.35616
2020-05-22,4.79452
2020-05-23,6.50684
2020-05-24,9.58904
2020-05-25,6.84931
2020-05-26,15.75342
2020-05-27,5.82191
2020-05-28,8.21917
2020-05-29,7.87671
2020-05-30,6.50684
2020-05-31,4.79452
2020-06-01,8.21917
2020-06-02,8.21917
2020-06-03,8.21917
2020-06-04,6.84931
2020-06-05,6.50684
2020-06-06,3.76712
2020-06-07,8.9041
2020-06-08,10.9589
2020-06-09,8.56164
2020-06-10,7.53424
2020-06-11,7.19178
2020-06-12,5.82191
2020-06-13,2.05479
2020-06-14,2.73972
2020-06-15,4.79452
2020-06-16,4.45205
2020-06-17,8.21917
2020-06-18,7.53424
2020-06-19,6.84931
2020-06-20,7.87671
2020-06-21,3.42465
2020-06-22,3.76712
2020-06-23,4.10958
2020-06-24,6.50684
2020-06-25,7.19178
2020-06-26,4.79452
2020-06-27,6.50684
2020-06-28,6.50684
2020-06-29,7.87671
2020-06-30,8.56164
2020-07-01,10.27397
2020-07-02,6.16438
2020-07-03,10.27397
2020-07-04,6.84931
2020-07-05,7.53424
2020-07-06,7.53424
2020-07-07,6.50684
2020-07-08,4.10958
2020-07-09,7.19178
2020-07-10,2.05479
2020-07-11,5.82191
2020-07-12,2.39726
2020-07-13,6.16438
2020-07-14,6.84931
2020-07-15,8.56164
2020-07-16,8.21917
2020-07-17,6.84931
2020-07-18,6.16438
2020-07-19,2.73972
2020-07-20,5.47945
2020-07-21,7.19178
2020-07-22,8.21917
2020-07-23,8.21917
2020-07-24,6.84931
2020-07-25,3.42465
2020-07-26,6.84931
2020-07-27,3.76712
2020-07-28,4.45205
2020-07-29,5.47945
2020-07-30,4.79452
2020-07-31,2.73972
2020-08-01,4.79452
2020-08-02,3.76712
2020-08-03,5.47945
2020-08-04,5.47945
2020-08-05,5.47945
2020-08-06,8.56164
2020-08-07,10.9589
2020-08-08,10.9589
2020-08-09,7.53424
2020-08-10,7.19178
2020-08-11,9.58904
2020-08-12,13.35616
2020-08-13,10.61643
2020-08-14,13.01369
2020-08-15,10.9589
2020-08-16,6.84931
2020-08-17,11.64383
2020-08-18,12.67123
2020-08-19,13.01369
2020-08-20,10.27397
2020-08-21,13.35616
2020-08-22,14.04109
2020-08-23,15.75342
2020-08-24,13.69863
2020-08-25,10.61643
2020-08-26,21.23287
2020-08-27,11.30136
2020-08-28,13.01369
2020-08-29,16.43835
2020-08-30,11.64383
2020-08-31,14.04109
2020-09-01,11.64383
2020-09-02,17.80821
2020-09-03,27.39726
2020-09-04,18.83561
2020-09-05,20.20547
2020-09-06,15.41095
2020-09-07,21.23287
2020-09-08,21.9178
2020-09-09,38.01369
2020-09-10,18.83561
2020-09-11,19.52054
2020-09-12,13.35616
2020-09-13,14.38356
2020-09-14,21.23287
2020-09-15,15.75342
2020-09-16,15.75342
2020-09-17,22.9452
2020-09-18,18.49315
2020-09-19,28.76712
2020-09-20,32.87671
2020-09-21,20.20547
2020-09-22,57.19178
2020-09-23,48.9726
2020-09-24,18.49315
2020-09-25,15.06849
2020-09-26,19.17808
2020-09-27,12.67123
2020-09-28,11.9863
2020-09-29,23.9726
2020-09-30,14.04109
2020-10-01,31.50684
2020-10-02,17.80821
2020-10-03,14.04109
2020-10-04,16.09589
2020-10-05,20.20547
2020-10-06,26.36986
2020-10-07,24.65753
2020-10-08,17.80821
2020-10-09,14.72602
2020-10-10,20.20547
2020-10-11,18.15068
2020-10-12,20.20547
2020-10-13,21.23287
2020-10-14,19.52054
2020-10-15,13.69863
2020-10-16,16.09589
2020-10-17,15.41095
2020-10-18,11.9863
2020-10-19,27.05479
2020-10-20,23.63013
2020-10-21,26.02739
2020-10-22,15.06849
2020-10-23,18.83561
2020-10-24,9.9315
2020-10-25,13.35616
2020-10-26,9.58904
2020-10-27,12.67123
2020-10-28,14.04109
2020-10-29,11.30136
2020-10-30,6.84931
2020-10-31,5.13698
2020-11-01,6.50684
2020-11-02,10.27397
2020-11-03,10.27397
2020-11-04,8.21917
2020-11-05,9.58904
2020-11-06,11.64383
2020-11-07,8.9041
2020-11-08,6.50684
2020-11-09,11.30136
2020-11-10,11.64383
2020-11-11,10.27397
2020-11-12,9.24657
2020-11-13,9.24657
2020-11-14,16.09589
2020-11-15,13.35616
2020-11-16,12.67123
2020-11-17,15.06849
2020-11-18,13.69863
2020-11-19,9.58904
2020-11-20,16.78082
2020-11-21,16.09589
2020-11-22,9.24657
2020-11-23,10.27397
2020-11-24,11.64383
2020-11-25,9.24657
2020-11-26,14.38356
2020-11-27,9.24657
2020-11-28,11.64383
2020-11-29,6.84931
2020-11-30,5.82191
2020-12-01,8.21917
2020-12-02,9.24657
2020-12-03,8.9041
2020-12-04,17.80821
2020-12-05,9.9315
2020-12-06,9.9315
2020-12-07,8.9041
2020-12-08,7.53424
2020-12-09,10.61643
2020-12-10,7.87671
2020-12-11,10.27397
2020-12-12,11.30136
2020-12-13,3.76712
2020-12-14,6.16438
2020-12-15,8.21917
2020-12-16,10.9589
2020-12-17,8.9041
2020-12-18,4.10958
2020-12-19,5.47945
2020-12-20,10.61643
2020-12-21,10.9589
2020-12-22,9.24657
2020-12-23,11.30136
2020-12-24,41.78082
2020-12-25,16.09589
2020-12-26,11.64383
2020-12-27,15.06849
2020-12-28,10.9589
2020-12-29,11.64383
2020-12-30,7.53424
2020-12-31,7.87671
2021-01-01,8.56164
2021-01-02,5.82191
2021-01-03,7.53424
2021-01-04,5.47945
2021-01-05,6.16438
2021-01-06,8.21917
2021-01-07,5.82191
2021-01-08,2.39726
2021-01-09,10.27397
2021-01-10,7.87671
2021-01-11,7.19178
2021-01-12,11.9863
2021-01-13,9.24657
2021-01-14,4.45205
2021-01-15,13.69863
2021-01-16,10.27397
2021-01-17,5.47945
2021-01-18,7.53424
2021-01-19,5.47945
2021-01-20,2.73972
2021-01-21,6.16438
2021-01-22,11.30136
2021-01-23,7.87671
2021-01-24,7.87671
2021-01-25,4.45205
2021-01-26,11.30136
2021-01-27,10.9589
2021-01-28,3.42465
2021-01-29,4.45205
2021-01-30,8.21917
2021-01-31,10.61643
2021-02-01,11.30136
2021-02-02,7.53424
2021-02-03,13.01369
2021-02-04,13.01369
2021-02-05,9.58904
2021-02-06,14.72602
2021-02-07,14.04109
2021-02-08,8.56164
2021-02-09,13.01369
2021-02-10,8.9041
2021-02-11,5.82191
2021-02-12,6.84931
2021-02-13,7.19178
2021-02-14,18.15068
2021-02-15,8.9041
2021-02-16,11.30136
2021-02-17,6.50684
2021-02-18,10.27397
2021-02-19,9.24657
2021-02-20,12.67123
2021-02-21,5.47945
2021-02-22,11.9863
2021-02-23,11.64383
2021-02-24,11.64383
2021-02-25,18.49315
2021-02-26,13.01369
2021-02-27,11.9863
2021-02-28,11.30136
2021-03-01,15.41095
2021-03-02,9.58904
2021-03-03,8.9041
2021-03-04,7.19178
2021-03-05,8.9041
2021-03-06,9.58904
2021-03-07,9.58904
2021-03-08,5.82191
2021-03-09,10.61643
2021-03-10,12.32876
2021-03-11,11.9863
2021-03-12,13.35616
2021-03-13,18.49315
2021-03-14,12.32876
2021-03-15,26.02739
2021-03-16,22.26027
2021-03-17,11.9863
2021-03-18,13.01369
2021-03-19,13.01369
2021-03-20,10.9589
2021-03-21,12.32876
2021-03-22,8.56164
2021-03-23,16.09589
2021-03-24,10.27397
2021-03-25,8.9041
2021-03-26,9.58904
2021-03-27,10.9589
2021-03-28,10.27397
2021-03-29,13.69863
2021-03-30,12.67123
2021-03-31,10.9589
2021-04-01,11.64383
2021-04-02,10.61643
2021-04-03,9.58904
2021-04-04,15.06849
2021-04-05,10.9589
2021-04-06,10.61643
2021-04-07,4.79452
2021-04-08,11.9863
2021-04-09,10.9589
2021-04-10,9.24657
2021-04-11,7.53424
2021-04-12,9.9315
2021-04-13,10.27397
2021-04-14,8.9041
2021-04-15,12.32876
2021-04-16,8.56164
2021-04-17,11.9863
2021-04-18,8.21917
2021-04-19,10.27397
2021-04-20,9.9315
2021-04-21,8.56164
2021-04-22,14.04109
2021-04-23,8.9041
2021-04-24,9.24657
2021-04-25,9.9315
2021-04-26,14.04109
2021-04-27,12.67123
2021-04-28,9.24657
2021-04-29,13.01369
2021-04-30,10.61643
2021-05-01,8.9041
2021-05-02,11.30136
2021-05-03,7.19178
2021-05-04,11.64383
2021-05-05,10.61643
2021-05-06,8.9041
2021-05-07,8.56164
2021-05-08,8.21917
2021-05-09,10.9589
2021-05-10,8.9041
2021-05-11,4.45205
2021-05-12,7.53424
2021-05-13,8.21917
2021-05-14,6.50684
2021-05-15,11.30136
2021-05-16,3.76712
2021-05-17,11.64383
2021-05-18,10.61643
2021-05-19,7.53424
2021-05-20,11.30136
2021-05-21,8.21917
2021-05-22,9.58904
2021-05-23,11.64383
2021-05-24,7.53424
2021-05-25,11.30136
2021-05-26,8.9041
2021-05-27,10.27397
2021-05-28,10.27397
2021-05-29,7.19178
2021-05-30,7.19178
2021-05-31,9.58904
2021-06-01,8.56164
2021-06-02,13.35616
2021-06-03,9.58904
2021-06-04,12.32876
2021-06-05,6.84931
2021-06-06,11.30136
2021-06-07,8.21917
2021-06-08,7.53424
2021-06-09,15.75342
2021-06-10,15.75342
2021-06-11,14.72602
2021-06-12,5.47945
2021-06-13,11.30136
2021-06-14,8.56164
2021-06-15,12.32876
2021-06-16,11.9863
2021-06-17,12.32876
2021-06-18,9.24657
2021-06-19,6.50684
2021-06-20,8.56164
2021-06-21,7.87671
2021-06-22,5.82191
2021-06-23,8.21917
2021-06-24,8.56164
2021-06-25,11.9863
2021-06-26,6.16438
2021-06-27,9.24657
2021-06-28,8.21917
2021-06-29,11.30136
2021-06-30,5.13698
2021-07-01,6.84931
2021-07-02,5.13698
2021-07-03,5.82191
2021-07-04,5.13698
2021-07-05,7.19178
2021-07-06,9.58904
2021-07-07,6.84931
2021-07-08,5.82191
2021-07-09,6.84931
2021-07-10,5.13698
2021-07-11,5.47945
2021-07-12,6.16438
2021-07-13,6.84931
2021-07-14,8.21917
2021-07-15,6.16438
2021-07-16,7.19178
2021-07-17,8.56164
2021-07-18,10.61643
2021-07-19,9.24657
2021-07-20,6.16438
2021-07-21,4.10958
2021-07-22,7.19178
2021-07-23,8.56164
2021-07-24,7.19178
2021-07-25,6.84931
2021-07-26,5.13698
2021-07-27,8.9041
2021-07-28,8.9041
2021-07-29,10.27397
2021-07-30,10.9589
2021-07-31,8.9041
2021-08-01,8.9041
2021-08-02,10.9589
2021-08-03,16.78082
2021-08-04,13.01369
2021-08-05,14.04109
2021-08-06,14.72602
2021-08-07,8.9041
2021-08-08,8.21917
2021-08-09,9.9315
2021-08-10,9.24657
2021-08-11,15.75342
2021-08-12,14.04109
2021-08-13,9.9315
2021-08-14,7.53424
2021-08-15,9.24657
2021-08-16,9.58904
2021-08-17,9.24657
2021-08-18,12.67123
2021-08-19,11.9863
2021-08-20,13.01369
2021-08-21,9.9315
2021-08-22,10.61643
2021-08-23,11.64383
2021-08-24,11.9863
2021-08-25,16.78082
2021-08-26,17.12328
2021-08-27,10.9589
2021-08-28,9.9315
2021-08-29,12.32876
2021-08-30,9.24657
2021-08-31,15.41095
2021-09-01,14.04109
2021-09-02,11.30136
2021-09-03,17.12328
2021-09-04,9.58904
2021-09-05,9.24657
2021-09-06,14.04109
2021-09-07,15.41095
2021-09-08,9.24657
2021-09-09,9.9315
2021-09-10,13.69863
2021-09-11,10.27397
2021-09-12,10.61643
2021-09-13,10.9589
2021-09-14,9.58904
2021-09-15,11.64383
2021-09-16,11.9863
2021-09-17,8.9041
2021-09-18,8.56164
2021-09-19,8.21917
2021-09-20,6.84931
2021-09-21,9.58904
2021-09-22,11.64383
2021-09-23,14.72602
2021-09-24,17.12328
2021-09-25,11.30136
2021-09-26,13.35616
2021-09-27,15.06849
2021-09-28,12.67123
2021-09-29,13.01369
2021-09-30,7.53424
2021-10-01,5.47945
2021-10-02,8.56164
2021-10-03,9.58904
2021-10-04,8.9041
2021-10-05,6.84931
2021-10-06,9.24657
2021-10-07,7.19178
2021-10-08,8.56164
2021-10-09,12.32876
2021-10-10,7.53424
2021-10-11,9.9315
2021-10-12,9.58904
2021-10-13,7.19178
2021-10-14,7.87671
2021-10-15,8.56164
2021-10-16,15.75342
2021-10-17,14.38356
2021-10-18,8.9041
2021-10-19,9.58904
2021-10-20,7.19178
2021-10-21,11.64383
2021-10-22,10.9589
2021-10-23,13.35616
2021-10-24,8.9041
2021-10-25,14.72602
2021-10-26,14.04109
2021-10-27,15.06849
2021-10-28,7.53424
2021-10-29,10.61643
2021-10-30,7.53424
2021-10-31,6.50684
2021-11-01,6.50684
2021-11-02,8.21917
2021-11-03,13.35616
2021-11-04,13.69863
2021-11-05,8.56164
2021-11-06,11.30136
2021-11-07,4.10958
2021-11-08,9.58904
2021-11-09,7.87671
2021-11-10,10.9589
2021-11-11,11.30136
2021-11-12,9.24657
2021-11-13,7.87671
2021-11-14,6.84931
2021-11-15,6.84931
2021-11-16,7.53424
2021-11-17,12.67123
2021-11-18,8.9041
2021-11-19,14.04109
2021-11-20,5.13698
2021-11-21,4.79452
2021-11-22,8.21917
2021-11-23,8.21917
2021-11-24,13.35616
2021-11-25,10.27397
2021-11-26,5.82191
2021-11-27,6.16438
2021-11-28,9.9315
2021-11-29,8.9041
2021-11-30,15.75342
2021-12-01,7.19178
2021-12-02,3.08219
2021-12-03,7.87671
2021-12-04,4.79452
2021-12-05,8.21917
2021-12-06,9.24657
2021-12-07,9.58904
2021-12-08,8.56164
2021-12-09,8.21917
2021-12-10,25.0
2021-12-11,11.9863
2021-12-12,8.21917
2021-12-13,100.0
2021-12-14,40.06849
2021-12-15,23.9726
2021-12-16,19.52054
2021-12-17,14.04109
2021-12-18,11.64383
2021-12-19,14.72602
2021-12-20,15.41095
2021-12-21,11.9863
2021-12-22,17.46575
2021-12-23,16.09589
2021-12-24,17.80821
2021-12-25,11.30136
2021-12-26,18.15068
2021-12-27,46.9178
2021-12-28,38.01369
2021-12-29,15.41095
2021-12-30,7.53424
2021-12-31,13.01369
2022-01-01,7.87671
2022-01-02,8.56164
2022-01-03,8.9041
2022-01-04,9.24657
2022-01-05,10.61643
2022-01-06,10.27397
2022-01-07,9.58904
2022-01-08,10.27397
2022-01-09,16.09589
2022-01-10,11.64383
2022-01-11,12.32876
2022-01-12,8.9041
2022-01-13,9.9315
2022-01-14,11.64383
2022-01-15,10.9589
2022-01-16,8.9041
2022-01-17,7.19178
2022-01-18,5.82191
2022-01-19,6.16438
2022-01-20,12.32876
2022-01-21,7.53424
2022-01-22,11.9863
2022-01-23,8.56164
2022-01-24,9.9315
2022-01-25,6.84931
2022-01-26,10.27397
2022-01-27,6.50684
2022-01-28,12.32876
2022-01-29,6.16438
2022-01-30,7.19178
2022-01-31,7.87671
2022-02-01,7.87671
2022-02-02,12.67123
2022-02-03,11.64383
2022-02-04,13.69863
2022-02-05,12.32876
2022-02-06,10.61643
2022-02-07,65.06849
2022-02-08,24.31506
2022-02-09,14.04109
2022-02-10,16.78082
2022-02-11,8.56164
2022-02-12,13.01369
2022-02-13,17.12328
2022-02-14,18.49315
2022-02-15,15.75342
2022-02-16,14.04109
2022-02-17,21.23287
2022-02-18,16.43835
2022-02-19,10.61643
2022-02-20,7.53424
2022-02-21,17.46575
2022-02-22,17.12328
2022-02-23,17.80821
2022-02-24,10.9589
2022-02-25,10.27397
2022-02-26,17.12328
2022-02-27,14.72602
2022-02-28,12.67123
2022-03-01,10.27397
2022-03-02,22.9452
2022-03-03,17.80821
2022-03-04,18.15068
2022-03-05,17.46575
2022-03-06,10.9589
2022-03-07,11.9863
2022-03-08,11.64383
2022-03-09,9.58904
2022-03-10,12.67123
2022-03-11,15.06849
2022-03-12,14.04109
2022-03-13,12.67123
2022-03-14,10.9589
2022-03-15,15.41095
2022-03-16,16.43835
2022-03-17,17.80821
2022-03-18,14.04109
2022-03-19,27.05479
2022-03-20,19.86301
2022-03-21,18.83561
2022-03-22,18.49315
2022-03-23,10.27397
2022-03-24,13.69863
2022-03-25,15.06849
2022-03-26,14.04109
2022-03-27,20.20547
2022-03-28,14.04109
2022-03-29,17.80821
2022-03-30,19.17808
2022-03-31,14.38356
2022-04-01,17.80821
2022-04-02,19.17808
2022-04-03,17.12328
2022-04-04,9.58904
2022-04-05,20.89041
2022-04-06,17.12328
2022-04-07,15.41095
2022-04-08,11.9863
2022-04-09,11.30136
2022-04-10,17.12328
2022-04-11,11.30136
2022-04-12,17.12328
2022-04-13,14.04109
2022-04-14,14.72602
2022-04-15,10.9589
2022-04-16,15.41095
2022-04-17,15.41095
2022-04-18,12.32876
2022-04-19,11.9863
2022-04-20,32.19178
2022-04-21,22.26027
2022-04-22,13.69863
2022-04-23,12.67123
2022-04-24,19.17808
2022-04-25,21.23287
2022-04-26,15.75342
2022-04-27,9.24657
2022-04-28,8.9041
2022-04-29,16.43835
2022-04-30,10.9589
2022-05-01,7.87671
2022-05-02,11.9863
2022-05-03,10.61643
2022-05-04,13.35616
2022-05-05,10.9589
2022-05-06,15.06849
2022-05-07,12.32876
2022-05-08,10.61643
2022-05-09,10.27397
2022-05-10,9.9315
2022-05-11,11.64383
2022-05-12,6.16438
2022-05-13,14.04109
2022-05-14,10.9589
2022-05-15,16.78082
2022-05-16,15.06849
2022-05-17,12.67123
2022-05-18,10.27397
2022-05-19,11.64383
2022-05-20,6.84931
2022-05-21,11.9863
2022-05-22,10.61643
2022-05-23,7.19178
2022-05-24,8.9041
2022-05-25,8.56164
2022-05-26,12.67123
2022-05-27,10.61643
2022-05-28,8.21917
2022-05-29,11.64383
2022-05-30,11.64383
2022-05-31,11.64383
2022-06-01,5.82191
2022-06-02,7.19178
2022-06-03,12.67123
2022-06-04,15.41095
2022-06-05,10.27397
2022-06-06,13.69863
2022-06-07,9.9315
2022-06-08,11.30136
2022-06-09,7.87671
2022-06-10,10.9589
2022-06-11,9.9315
2022-06-12,11.64383
2022-06-13,13.35616
2022-06-14,10.61643
2022-06-15,8.56164
2022-06-16,9.24657
2022-06-17,9.9315
2022-06-18,13.01369
2022-06-19,8.9041
2022-06-20,9.24657
2022-06-21,11.64383
2022-06-22,10.27397
2022-06-23,9.9315
2022-06-24,9.9315
2022-06-25,10.9589
2022-06-26,15.41095
2022-06-27,8.21917
2022-06-28,10.27397
2022-06-29,9.9315
2022-06-30,11.9863
2022-07-01,3.08219
2022-07-02,5.47945
2022-07-03,14.38356
2022-07-04,10.9589
2022-07-05,13.35616
2022-07-06,9.58904
2022-07-07,8.56164
2022-07-08,9.58904
2022-07-09,6.16438
2022-07-10,11.64383
2022-07-11,9.9315
2022-07-12,9.24657
2022-07-13,9.58904
2022-07-14,9.58904
2022-07-15,9.9315
2022-07-16,7.87671
2022-07-17,9.58904
2022-07-18,17.80821
2022-07-19,6.50684
2022-07-20,14.38356
2022-07-21,15.06849
2022-07-22,13.01369
2022-07-23,10.27397
2022-07-24,12.67123
2022-07-25,17.12328
2022-07-26,20.20547
2022-07-27,16.09589
2022-07-28,8.21917
2022-07-29,13.01369
2022-07-30,15.06849
2022-07-31,8.9041
2022-08-01,16.09589
2022-08-02,11.9863
2022-08-03,8.9041
2022-08-04,11.30136
2022-08-05,12.67123
2022-08-06,9.24657
2022-08-07,7.19178
2022-08-08,10.9589
2022-08-09,12.32876
2022-08-10,12.67123
2022-08-11,10.9589
2022-08-12,13.01369
2022-08-13,6.84931
2022-08-14,17.12328
2022-08-15,13.01369
2022-08-16,13.69863
2022-08-17,22.9452
2022-08-18,12.32876
2022-08-19,13.01369
2022-08-20,9.58904
2022-08-21,15.41095
2022-08-22,13.35616
2022-08-23,17.46575
2022-08-24,11.30136
2022-08-25,9.58904
2022-08-26,11.30136
2022-08-27,11.30136
2022-08-28,15.06849
2022-08-29,13.35616
2022-08-30,14.38356
2022-08-31,12.67123
2022-09-01,14.72602
2022-09-02,14.04109
2022-09-03,15.06849
2022-09-04,12.67123
2022-09-05,13.35616
2022-09-06,6.50684
2022-09-07,6.84931
2022-09-08,7.19178
2022-09-09,6.16438
2022-09-10,5.47945
2022-09-11,4.10958
2022-09-12,13.35616
2022-09-13,9.24657
2022-09-14,4.79452
2022-09-15,9.24657
2022-09-16,7.87671
2022-09-17,6.84931
2022-09-18,9.9315
2022-09-19,6.84931
2022-09-20,8.21917
2022-09-21,7.53424
2022-09-22,8.21917
2022-09-23,5.13698
2022-09-24,7.87671
2022-09-25,9.24657
2022-09-26,7.53424
2022-09-27,5.82191
2022-09-28,18.49315
2022-09-29,11.9863
2022-09-30,7.19178
2022-10-01,4.79452
2022-10-02,4.10958
2022-10-03,4.79452
2022-10-04,5.13698
2022-10-05,8.56164
2022-10-06,10.9589
2022-10-07,4.45205
2022-10-08,6.50684
2022-10-09,8.9041
2022-10-10,3.76712
2022-10-11,5.47945
2022-10-12,5.47945
2022-10-13,4.79452
2022-10-14,3.76712
2022-10-15,8.9041
2022-10-16,4.45205
2022-10-17,6.84931
2022-10-18,9.9315
2022-10-19,9.58904
2022-10-20,8.21917
2022-10-21,5.47945
2022-10-22,3.42465
2022-10-23,7.87671
2022-10-24,4.79452
2022-10-25,9.58904
2022-10-26,9.58904
2022-10-27,11.9863
2022-10-28,5.82191
2022-10-29,6.16438
2022-10-30,5.82191
2022-10-31,9.58904
2022-11-01,7.53424
2022-11-02,5.13698
2022-11-03,6.84931
2022-11-04,5.13698
2022-11-05,5.13698
2022-11-06,6.50684
2022-11-07,5.82191
2022-11-08,12.32876
2022-11-09,6.84931
2022-11-10,4.10958
2022-11-11,5.47945
2022-11-12,2.05479
2022-11-13,7.19178
2022-11-14,6.16438
2022-11-15,9.9315
2022-11-16,9.24657
2022-11-17,5.13698
2022-11-18,5.13698
2022-11-19,3.42465
2022-11-20,6.84931
2022-11-21,4.79452
2022-11-22,3.76712
2022-11-23,6.16438
2022-11-24,2.05479
2022-11-25,7.19178
2022-11-26,5.13698
2022-11-27,6.84931
2022-11-28,3.76712
2022-11-29,4.79452
2022-11-30,3.42465
2022-12-01,5.82191
2022-12-02,8.56164
2022-12-03,2.73972
2022-12-04,7.19178
2022-12-05,5.82191
2022-12-06,3.76712
2022-12-07,5.47945
2022-12-08,4.45205
2022-12-09,4.79452
2022-12-10,5.82191
2022-12-11,3.76712
2022-12-12,5.13698
2022-12-13,6.16438
2022-12-14,8.56164
2022-12-15,5.47945
2022-12-16,6.16438
2022-12-17,4.10958
2022-12-18,6.50684
2022-12-19,8.21917
2022-12-20,6.84931
2022-12-21,3.76712
2022-12-22,9.58904
2022-12-23,12.67123
2022-12-24,8.9041
2022-12-25,6.50684
2022-12-26,12.32876
2022-12-27,6.84931
2022-12-28,10.61643
2022-12-29,7.87671
2022-12-30,3.42465
2022-12-31,1.71232
2023-01-01,1.71232
2023-01-02,4.45205
2023-01-03,9.58904
2023-01-04,2.73972
2023-01-05,9.24657
2023-01-06,8.21917
2023-01-07,3.76712
2023-01-08,7.19178
2023-01-09,8.9041
2023-01-10,8.21917
2023-01-11,9.9315
2023-01-12,10.9589
2023-01-13,6.50684
2023-01-14,8.21917
2023-01-15,10.61643
2023-01-16,11.30136
2023-01-17,10.61643
2023-01-18,5.47945
2023-01-19,9.9315
2023-01-20,8.9041
2023-01-21,6.84931
2023-01-22,6.84931
2023-01-23,6.16438
2023-01-24,9.58904
2023-01-25,9.9315
2023-01-26,11.9863
2023-01-27,12.67123
2023-01-28,10.61643
2023-01-29,16.09589
2023-01-30,15.75342
2023-01-31,19.17808
2023-02-01,17.12328
2023-02-02,19.52054
2023-02-03,16.09589
2023-02-04,18.83561
2023-02-05,18.15068
2023-02-06,13.69863
2023-02-07,19.17808
2023-02-08,25.0
2023-02-09,28.76712
2023-02-10,19.52054
2023-02-11,11.64383
2023-02-12,16.09589
2023-02-13,15.41095
2023-02-14,21.23287
2023-02-15,16.43835
2023-02-16,10.9589
2023-02-17,18.49315
2023-02-18,15.41095
2023-02-19,15.06849
2023-02-20,12.67123
2023-02-21,8.56164
2023-02-22,4.79452
2023-02-23,9.58904
2023-02-24,9.24657
2023-02-25,5.82191
2023-02-26,11.9863