Date,Balance
2018/02/20,"127,564"
2018/02/21,"127,564"
2018/02/22,"127,564"
2018/02/23,"127,564"
2018/02/26,"127,564"
2018/02/27,"127,564"
2018/02/28,"127,564"
2018/03/02,"128,037"
2018/03/05,"128,037"
2018/03/06,"128,037"
2018/03/07,"128,037"
2018/03/08,"128,037"
2018/03/09,"128,037"
2018/03/12,"128,509"
2018/03/13,"128,509"
2018/03/14,"130,399"
2018/03/15,"130,399"
2018/03/16,"130,399"
2018/03/19,"131,344"
2018/03/20,"132,761"
2018/03/21,"133,234"
2018/03/22,"133,234"
2018/03/23,"133,234"
2018/03/26,"133,234"
2018/03/27,"132,761"
2018/03/28,"132,761"
2018/03/29,"123,312"
2018/03/30,"123,312"
2018/04/02,"123,312"
2018/04/03,"123,312"
2018/04/04,"123,312"
2018/04/05,"123,312"
2018/04/06,"123,312"
2018/04/09,"123,312"
2018/04/10,"123,312"
2018/04/11,"123,312"
2018/04/12,"123,312"
2018/04/13,"123,312"
2018/04/16,"123,312"
2018/04/17,"123,312"
2018/04/18,"122,840"
2018/04/19,"122,840"
2018/04/20,"122,840"
2018/04/23,"122,840"
2018/04/24,"122,840"
2018/04/25,"122,367"
2018/04/26,"121,895"
2018/04/27,"121,422"
2018/04/30,"121,422"
2018/05/02,"121,422"
2018/05/03,"121,422"
2018/05/04,"121,422"
2018/05/08,"121,422"
2018/05/09,"121,422"
2018/05/10,"121,422"
2018/05/11,"121,895"
2018/05/14,"121,895"
2018/05/15,"121,895"
2018/05/16,"122,367"
2018/05/17,"122,840"
2018/05/18,"122,840"
2018/05/21,"122,840"
2018/05/23,"122,840"
2018/05/24,"122,840"
2018/05/25,"123,312"
2018/05/28,"123,312"
2018/05/29,"123,312"
2018/05/30,"123,312"
2018/05/31,"123,312"
2018/06/01,"123,312"
2018/06/04,"123,312"
2018/06/05,"123,785"
2018/06/07,"123,785"
2018/06/08,"123,785"
2018/06/11,"123,785"
2018/06/12,"123,312"
2018/06/14,"122,367"
2018/06/15,"122,367"
2018/06/18,"122,367"
2018/06/19,"122,367"
2018/06/20,"122,367"
2018/06/21,"121,422"
2018/06/22,"121,422"
2018/06/25,"120,005"
2018/06/26,"120,005"
2018/06/27,"119,532"
2018/06/28,"119,532"
2018/06/29,"118,587"
2018/07/02,"119,532"
2018/07/03,"119,532"
2018/07/04,"119,532"
2018/07/05,"119,532"
2018/07/06,"119,532"
2018/07/09,"119,060"
2018/07/10,"119,060"
2018/07/11,"118,587"
2018/07/12,"119,060"
2018/07/13,"120,950"
2018/07/16,"121,895"
2018/07/17,"122,840"
2018/07/18,"124,257"
2018/07/19,"125,202"
2018/07/20,"125,202"
2018/07/23,"125,202"
2018/07/24,"125,202"
2018/07/25,"125,202"
2018/07/26,"125,202"
2018/07/27,"125,202"
2018/07/30,"125,202"
2018/07/31,"125,674"
2018/08/01,"125,674"
2018/08/02,"125,674"
2018/08/03,"125,674"
2018/08/06,"125,674"
2018/08/07,"125,202"
2018/08/08,"125,202"
2018/08/09,"125,202"
2018/08/10,"124,729"
2018/08/13,"124,729"
2018/08/14,"124,729"
2018/08/16,"123,785"
2018/08/17,"123,785"
2018/08/20,"123,785"
2018/08/21,"122,840"
2018/08/22,"122,840"
2018/08/23,"122,840"
2018/08/24,"122,840"
2018/08/27,"123,312"
2018/08/28,"123,312"
2018/08/29,"123,312"
2018/08/30,"122,840"
2018/08/31,"122,367"
2018/09/03,"122,367"
2018/09/04,"122,367"
2018/09/05,"122,367"
2018/09/06,"122,367"
2018/09/07,"122,367"
2018/09/10,"123,312"
2018/09/11,"123,312"
2018/09/12,"122,840"
2018/09/13,"122,840"
2018/09/14,"122,840"
2018/09/17,"122,840"
2018/09/18,"122,840"
2018/09/19,"122,840"
2018/09/20,"122,840"
2018/09/21,"123,312"
2018/09/27,"116,698"
2018/09/28,"116,225"
2018/10/01,"115,280"
2018/10/02,"114,808"
2018/10/04,"114,335"
2018/10/05,"113,390"
2018/10/08,"113,390"
2018/10/10,"111,973"
2018/10/11,"111,973"
2018/10/12,"111,973"
2018/10/15,"111,973"
2018/10/16,"111,973"
2018/10/17,"111,973"
2018/10/18,"111,973"
2018/10/19,"112,918"
2018/10/22,"112,918"
2018/10/23,"113,390"
2018/10/24,"113,863"
2018/10/25,"113,863"
2018/10/26,"113,863"
2018/10/29,"113,390"
2018/10/30,"113,390"
2018/10/31,"113,390"
2018/11/01,"112,918"
2018/11/02,"112,918"
2018/11/05,"112,445"
2018/11/06,"112,445"
2018/11/07,"112,445"
2018/11/08,"113,390"
2018/11/09,"113,390"
2018/11/12,"113,390"
2018/11/13,"113,390"
2018/11/14,"113,390"
2018/11/15,"113,390"
2018/11/16,"113,390"
2018/11/19,"113,390"
2018/11/20,"113,390"
2018/11/21,"113,390"
2018/11/22,"113,390"
2018/11/23,"113,390"
2018/11/26,"113,390"
2018/11/27,"113,863"
2018/11/28,"113,863"
2018/11/29,"113,863"
2018/11/30,"114,335"
2018/12/03,"115,280"
2018/12/04,"115,753"
2018/12/05,"115,753"
2018/12/06,"116,225"
2018/12/07,"116,225"
2018/12/10,"114,335"
2018/12/11,"114,335"
2018/12/12,"114,335"
2018/12/13,"114,335"
2018/12/14,"114,335"
2018/12/17,"114,335"
2018/12/18,"114,335"
2018/12/19,"114,335"
2018/12/20,"114,335"
2018/12/21,"114,335"
2018/12/24,"113,390"
2018/12/26,"112,918"
2018/12/27,"112,918"
2018/12/28,"112,918"
2018/12/31,"112,918"
2019/01/02,"112,918"
2019/01/03,"112,445"
2019/01/04,"112,445"
2019/01/07,"112,445"
2019/01/08,"111,501"
2019/01/09,"111,501"
2019/01/10,"111,501"
2019/01/11,"149,297"
2019/01/14,"149,297"
2019/01/15,"149,297"
2019/01/16,"149,297"
2019/01/17,"149,297"
2019/01/18,"146,935"
2019/01/21,"146,935"
2019/01/22,"146,935"
2019/01/23,"146,935"
2019/01/24,"146,935"
2019/01/25,"145,045"
2019/01/28,"145,045"
2019/01/29,"145,045"
2019/01/30,"145,045"
2019/01/31,"145,045"
2019/02/01,"145,045"
2019/02/07,"145,045"
2019/02/08,"145,045"
2019/02/11,"144,100"
2019/02/12,"144,100"
2019/02/13,"144,100"
2019/02/14,"145,990"
2019/02/15,"145,990"
2019/02/18,"112,918"
2019/02/19,"111,028"
2019/02/20,"111,028"
2019/02/21,"109,138"
2019/02/22,"109,138"
2019/02/25,"109,138"
2019/02/26,"107,248"
2019/02/27,"107,248"
2019/02/28,"107,248"
2019/03/04,"107,248"
2019/03/05,"107,248"
2019/03/06,"107,248"
2019/03/07,"107,248"
2019/03/08,"107,248"
2019/03/11,"107,248"
2019/03/12,"107,248"
2019/03/13,"107,248"
2019/03/14,"107,248"
2019/03/15,"107,248"
2019/03/18,"107,248"
2019/03/19,"106,776"
2019/03/20,"106,304"
2019/03/21,"105,831"
2019/03/22,"105,831"
2019/03/25,"105,831"
2019/03/26,"105,831"
2019/03/27,"105,831"
2019/03/28,"105,831"
2019/03/29,"105,359"
2019/04/01,"105,359"
2019/04/02,"105,359"
2019/04/03,"101,106"
2019/04/04,"101,106"
2019/04/05,"100,634"
2019/04/08,"100,634"
2019/04/09,"100,162"
2019/04/10,"100,162"
2019/04/11,"99,689"
2019/04/12,"98,744"
2019/04/15,"98,744"
2019/04/16,"98,744"
2019/04/17,"98,744"
2019/04/18,"98,744"
2019/04/19,"98,744"
2019/04/22,"98,744"
2019/04/23,"98,744"
2019/04/24,"98,744"
2019/04/25,"97,327"
2019/04/26,"97,327"
2019/04/29,"97,799"
2019/04/30,"97,799"
2019/05/02,"97,799"
2019/05/03,"97,799"
2019/05/07,"97,799"
2019/05/08,"97,799"
2019/05/09,"97,799"
2019/05/10,"95,437"
2019/05/13,"95,437"
2019/05/14,"95,437"
2019/05/15,"95,437"
2019/05/16,"95,437"
2019/05/17,"95,437"
2019/05/20,"95,437"
2019/05/21,"95,909"
2019/05/22,"95,909"
2019/05/23,"95,909"
2019/05/24,"95,909"
2019/05/27,"95,909"
2019/05/28,"95,909"
2019/05/29,"95,909"
2019/05/30,"95,909"
2019/05/31,"95,909"
2019/06/03,"95,909"
2019/06/04,"95,909"
2019/06/05,"95,437"
2019/06/07,"95,437"
2019/06/10,"95,437"
2019/06/11,"94,020"
2019/06/12,"94,020"
2019/06/13,"94,020"
2019/06/14,"94,020"
2019/06/17,"94,020"
2019/06/18,"94,020"
2019/06/19,"94,492"
2019/06/20,"94,492"
2019/06/21,"94,964"
2019/06/24,"94,964"
2019/06/25,"94,964"
2019/06/26,"94,964"
2019/06/27,"94,964"
2019/06/28,"94,964"
2019/07/01,"94,964"
2019/07/02,"94,492"
2019/07/03,"94,020"
2019/07/04,"93,547"
2019/07/05,"93,547"
2019/07/08,"93,547"
2019/07/09,"93,547"
2019/07/10,"93,547"
2019/07/11,"93,547"
2019/07/12,"93,547"
2019/07/15,"93,547"
2019/07/16,"93,547"
2019/07/17,"93,547"
2019/07/18,"93,547"
2019/07/19,"93,547"
2019/07/22,"93,547"
2019/07/23,"93,547"
2019/07/24,"93,075"
2019/07/25,"93,075"
2019/07/26,"93,075"
2019/07/29,"92,130"
2019/07/30,"92,130"
2019/07/31,"92,130"
2019/08/01,"92,130"
2019/08/02,"92,602"
2019/08/05,"92,602"
2019/08/06,"92,602"
2019/08/07,"92,602"
2019/08/08,"92,602"
2019/08/09,"92,602"
2019/08/12,"92,602"
2019/08/13,"92,602"
2019/08/14,"92,602"
2019/08/16,"92,602"
2019/08/19,"92,602"
2019/08/20,"92,602"
2019/08/21,"92,602"
2019/08/22,"93,075"
2019/08/23,"93,075"
2019/08/26,"93,075"
2019/08/27,"93,075"
2019/08/28,"93,075"
2019/08/29,"93,075"
2019/08/30,"93,075"
2019/09/02,"93,075"
2019/09/03,"93,075"
2019/09/04,"93,075"
2019/09/05,"93,075"
2019/09/06,"93,075"
2019/09/09,"92,602"
2019/09/10,"93,075"
2019/09/11,"93,075"
2019/09/16,"93,075"
2019/09/17,"93,075"
2019/09/18,"93,075"
2019/09/19,"92,602"
2019/09/20,"92,602"
2019/09/23,"92,602"
2019/09/24,"92,602"
2019/09/25,"92,130"
2019/09/26,"92,130"
2019/09/27,"92,130"
2019/09/30,"92,130"
2019/10/01,"91,657"
2019/10/02,"93,075"
2019/10/04,"93,547"
2019/10/07,"93,547"
2019/10/08,"93,547"
2019/10/10,"93,547"
2019/10/11,"93,547"
2019/10/14,"93,547"
2019/10/15,"94,492"
2019/10/16,"94,492"
2019/10/17,"94,020"
2019/10/18,"94,020"
2019/10/21,"94,020"
2019/10/22,"94,020"
2019/10/23,"94,020"
2019/10/24,"93,547"
2019/10/25,"94,020"
2019/10/28,"94,020"
2019/10/29,"94,020"
2019/10/30,"94,492"
2019/10/31,"94,964"
2019/11/01,"94,964"
2019/11/04,"94,964"
2019/11/05,"95,437"
2019/11/06,"95,437"
2019/11/07,"94,964"
2019/11/08,"94,964"
2019/11/11,"94,964"
2019/11/12,"95,437"
2019/11/13,"94,964"
2019/11/14,"94,964"
2019/11/15,"94,492"
2019/11/18,"94,964"
2019/11/19,"94,964"
2019/11/20,"94,492"
2019/11/21,"94,492"
2019/11/22,"94,492"
2019/11/25,"93,547"
2019/11/26,"94,020"
2019/11/27,"94,020"
2019/11/28,"94,020"
2019/11/29,"94,020"
2019/12/02,"94,020"
2019/12/03,"94,020"
2019/12/04,"94,020"
2019/12/05,"94,020"
2019/12/06,"94,020"
2019/12/09,"94,492"
2019/12/10,"94,492"
2019/12/11,"94,020"
2019/12/12,"93,075"
2019/12/13,"92,602"
2019/12/16,"92,602"
2019/12/17,"92,602"
2019/12/18,"92,130"
2019/12/19,"92,130"
2019/12/20,"92,602"
2019/12/23,"92,602"
2019/12/24,"92,602"
2019/12/26,"92,602"
2019/12/27,"92,602"
2019/12/30,"90,240"
2019/12/31,"90,240"
2020/01/02,"90,240"
2020/01/03,"90,240"
2020/01/06,"90,240"
2020/01/07,"90,240"
2020/01/08,"90,240"
2020/01/09,"90,240"
2020/01/10,"90,240"
2020/01/13,"90,712"
2020/01/14,"90,712"
2020/01/15,"90,712"
2020/01/16,"90,712"
2020/01/17,"90,712"
2020/01/20,"90,712"
2020/01/21,"90,712"
2020/01/22,"90,712"
2020/01/23,"89,767"
2020/01/28,"89,767"
2020/01/29,"90,240"
2020/01/30,"90,240"
2020/01/31,"87,878"
2020/02/03,"88,350"
2020/02/04,"88,350"
2020/02/05,"88,822"
2020/02/06,"88,822"
2020/02/07,"87,878"
2020/02/10,"87,878"
2020/02/11,"87,878"
2020/02/12,"87,878"
2020/02/13,"88,350"
2020/02/14,"88,350"
2020/02/17,"88,350"
2020/02/18,"88,350"
2020/02/19,"88,350"
2020/02/20,"88,822"
2020/02/21,"88,822"
2020/02/24,"89,295"
2020/02/25,"89,295"
2020/02/26,"89,295"
2020/02/27,"89,767"
2020/02/28,"89,767"
2020/03/02,"90,240"
2020/03/03,"90,240"
2020/03/04,"90,240"
2020/03/05,"90,712"
2020/03/06,"91,185"
2020/03/09,"91,185"
2020/03/10,"91,185"
2020/03/11,"91,185"
2020/03/12,"91,657"
2020/03/13,"91,657"
2020/03/16,"91,657"
2020/03/17,"92,130"
2020/03/18,"92,130"
2020/03/19,"92,602"
2020/03/20,"93,075"
2020/03/23,"94,020"
2020/03/24,"93,547"
2020/03/25,"93,075"
2020/03/26,"93,547"
2020/03/27,"94,492"
2020/03/30,"94,020"
2020/03/31,"94,492"
2020/04/01,"94,492"
2020/04/02,"94,492"
2020/04/03,"94,964"
2020/04/06,"94,492"
2020/04/07,"94,020"
2020/04/08,"94,492"
2020/04/09,"94,492"
2020/04/10,"96,382"
2020/04/13,"96,854"
2020/04/14,"96,854"
2020/04/16,"96,854"
2020/04/17,"96,854"
2020/04/20,"96,854"
2020/04/21,"97,327"
2020/04/22,"98,272"
2020/04/23,"98,272"
2020/04/24,"99,217"
2020/04/27,"98,744"
2020/04/28,"100,162"
2020/04/29,"100,162"
2020/05/04,"100,162"
2020/05/06,"99,689"
2020/05/07,"99,689"
2020/05/08,"101,106"
2020/05/11,"102,996"
2020/05/12,"103,469"
2020/05/13,"104,414"
2020/05/14,"104,886"
2020/05/15,"106,304"
2020/05/18,"106,776"
2020/05/19,"106,776"
2020/05/20,"107,248"
2020/05/21,"107,721"
2020/05/22,"108,193"
2020/05/25,"108,193"
2020/05/26,"108,666"
2020/05/27,"108,193"
2020/05/28,"109,138"
2020/05/29,"111,501"
2020/06/01,"113,390"
2020/06/02,"112,445"
2020/06/03,"112,445"
2020/06/04,"112,918"
2020/06/05,"113,390"
2020/06/08,"112,918"
2020/06/09,"118,587"
2020/06/10,"118,587"
2020/06/11,"121,422"
2020/06/12,"121,422"
2020/06/15,"121,422"
2020/06/16,"123,312"
2020/06/17,"123,312"
2020/06/18,"123,785"
2020/06/19,"123,785"
2020/06/22,"125,674"
2020/06/23,"125,202"
2020/06/24,"125,202"
2020/06/25,"126,619"
2020/06/26,"127,564"
2020/06/29,"128,037"
2020/06/30,"129,454"
2020/07/01,"129,454"
2020/07/02,"130,399"
2020/07/03,"131,816"
2020/07/06,"132,289"
2020/07/07,"132,761"
2020/07/08,"133,234"
2020/07/09,"132,289"
2020/07/10,"132,289"
2020/07/13,"132,289"
2020/07/14,"133,234"
2020/07/15,"133,706"
2020/07/16,"134,179"
2020/07/17,"135,124"
2020/07/20,"136,068"
2020/07/21,"137,958"
2020/07/22,"138,431"
2020/07/23,"139,848"
2020/07/24,"143,155"
2020/07/27,"149,297"
2020/07/28,"153,077"
2020/07/29,"156,857"
2020/07/30,"159,691"
2020/07/31,"162,999"
2020/08/03,"164,416"
2020/08/04,"165,833"
2020/08/05,"168,196"
2020/08/06,"169,613"
2020/08/07,"175,283"
2020/08/10,"181,897"
2020/08/11,"185,677"
2020/08/12,"187,094"
2020/08/13,"187,567"
2020/08/14,"187,567"
2020/08/18,"185,677"
2020/08/19,"185,204"
2020/08/20,"182,842"
2020/08/21,"183,314"
2020/08/24,"183,787"
2020/08/25,"187,094"
2020/08/26,"186,622"
2020/08/27,"185,677"
2020/08/28,"184,732"
2020/08/31,"186,149"
2020/09/01,"187,094"
2020/09/02,"186,149"
2020/09/03,"189,456"
2020/09/04,"189,929"
2020/09/07,"190,401"
2020/09/08,"190,874"
2020/09/09,"191,819"
2020/09/10,"202,213"
2020/09/11,"202,213"
2020/09/14,"203,158"
2020/09/15,"203,158"
2020/09/16,"204,103"
2020/09/17,"204,575"
2020/09/18,"205,048"
2020/09/21,"206,465"
2020/09/22,"206,937"
2020/09/23,"207,410"
2020/09/24,"208,827"
2020/09/25,"210,717"
2020/09/28,"211,662"
2020/09/29,"212,135"
2020/10/05,"212,135"
2020/10/06,"211,190"
2020/10/07,"211,190"
2020/10/08,"208,827"
2020/10/12,"208,827"
2020/10/13,"208,355"
2020/10/14,"207,882"
2020/10/15,"207,882"
2020/10/16,"208,355"
2020/10/19,"209,772"
2020/10/20,"210,245"
2020/10/21,"209,772"
2020/10/22,"206,465"
2020/10/23,"206,465"
2020/10/26,"206,465"
2020/10/27,"201,268"
2020/10/28,"197,016"
2020/10/29,"194,181"
2020/10/30,"194,181"
2020/11/02,"203,630"
2020/11/03,"218,749"
2020/11/04,"233,395"
2020/11/05,"241,900"
2020/11/06,"250,404"
2020/11/09,"260,325"
2020/11/10,"269,302"
2020/11/11,"277,334"
2020/11/12,"287,256"
2020/11/13,"292,453"
2020/11/16,"286,311"
2020/11/17,"295,288"
2020/11/18,"306,154"
2020/11/19,"307,099"
2020/11/20,"307,099"
2020/11/23,"308,989"
2020/11/24,"310,406"
2020/11/25,"313,713"
2020/11/26,"314,658"
2020/11/27,"316,076"
2020/11/30,"314,186"
2020/12/01,"315,131"
2020/12/02,"316,548"
2020/12/03,"318,911"
2020/12/04,"322,218"
2020/12/07,"324,108"
2020/12/08,"326,470"
2020/12/09,"326,470"
2020/12/10,"335,919"
2020/12/11,"335,919"
2020/12/14,"335,919"
2020/12/15,"335,919"
2020/12/16,"328,832"
2020/12/17,"326,942"
2020/12/18,"326,470"
2020/12/21,"326,470"
2020/12/22,"326,470"
2020/12/23,"326,942"
2020/12/24,"326,470"
2020/12/28,"324,580"
2020/12/29,"324,108"
2020/12/30,"325,997"
2020/12/31,"325,997"
2021/01/04,"325,997"
2021/01/05,"317,966"
2021/01/06,"314,186"
2021/01/07,"314,658"
2021/01/08,"314,658"
2021/01/11,"312,769"
2021/01/12,"305,209"
2021/01/13,"305,682"
2021/01/14,"308,989"
2021/01/15,"307,099"
2021/01/18,"310,879"
2021/01/19,"313,241"
2021/01/20,"315,131"
2021/01/21,"316,548"
2021/01/22,"315,603"
2021/01/25,"317,021"
2021/01/26,"318,911"
2021/01/27,"324,108"
2021/01/28,"324,108"
2021/01/29,"327,887"
2021/02/01,"328,832"
2021/02/02,"330,250"
2021/02/03,"331,667"
2021/02/04,"331,667"
2021/02/05,"331,667"
2021/02/08,"331,667"
2021/02/09,"334,502"
2021/02/10,"335,919"
2021/02/15,"334,029"
2021/02/16,"335,447"
2021/02/17,"336,392"
2021/02/18,"336,864"
2021/02/19,"337,336"
2021/02/22,"335,919"
2021/02/23,"338,754"
2021/02/24,"340,644"
2021/02/25,"342,061"
2021/02/26,"343,478"
2021/03/02,"344,423"
2021/03/03,"344,423"
2021/03/04,"347,731"
2021/03/05,"346,313"
2021/03/08,"344,423"
2021/03/09,"343,006"
2021/03/10,"344,423"
2021/03/11,"329,777"
2021/03/12,"313,241"
2021/03/15,"312,296"
2021/03/16,"298,122"
2021/03/17,"297,177"
2021/03/18,"287,256"
2021/03/19,"285,366"
2021/03/22,"287,728"
2021/03/23,"288,673"
2021/03/24,"289,618"
2021/03/25,"288,673"
2021/03/26,"323,163"
2021/03/29,"320,800"
2021/03/30,"312,296"
2021/03/31,"291,980"
2021/04/01,"288,201"
2021/04/02,"285,838"
2021/04/05,"285,366"
2021/04/06,"287,728"
2021/04/07,"290,090"
2021/04/08,"291,035"
2021/04/09,"293,398"
2021/04/12,"291,980"
2021/04/13,"293,398"
2021/04/14,"296,705"
2021/04/15,"298,595"
2021/04/16,"301,429"
2021/04/19,"302,374"
2021/04/20,"300,485"
2021/04/21,"305,682"
2021/04/22,"307,571"
2021/04/23,"306,154"
2021/04/26,"308,516"
2021/04/27,"302,374"
2021/04/28,"296,705"
2021/04/29,"303,319"
2021/04/30,"303,319"
2021/05/03,"303,319"
2021/05/04,"283,948"
2021/05/06,"282,531"
2021/05/07,"286,783"
2021/05/10,"288,201"
2021/05/11,"281,114"
2021/05/12,"277,806"
2021/05/13,"274,972"
2021/05/14,"280,641"
2021/05/17,"288,673"
2021/05/18,"291,980"
2021/05/20,"296,705"
2021/05/21,"298,595"
2021/05/24,"300,012"
2021/05/25,"305,682"
2021/05/26,"313,713"
2021/05/27,"314,186"
2021/05/28,"315,131"
2021/05/31,"316,076"
2021/06/01,"323,635"
2021/06/02,"322,690"
2021/06/03,"323,635"
2021/06/04,"323,163"
2021/06/07,"322,690"
2021/06/08,"319,383"
2021/06/09,"317,966"
2021/06/10,"317,493"
2021/06/11,"318,438"
2021/06/14,"327,415"
2021/06/15,"329,305"
2021/06/16,"332,139"
2021/06/17,"335,919"
2021/06/18,"337,809"
2021/06/21,"338,281"
2021/06/22,"340,644"
2021/06/23,"345,841"
2021/06/24,"352,455"
2021/06/25,"352,928"
2021/06/28,"356,707"
2021/06/29,"357,180"
2021/06/30,"351,038"
2021/07/01,"348,675"
2021/07/02,"354,817"
2021/07/05,"356,235"
2021/07/06,"363,322"
2021/07/07,"365,212"
2021/07/08,"368,991"
2021/07/09,"370,881"
2021/07/12,"378,440"
2021/07/13,"381,748"
2021/07/14,"386,472"
2021/07/15,"386,945"
2021/07/16,"388,362"
2021/07/19,"392,142"
2021/07/20,"461,593"
2021/07/21,"399,701"
2021/07/22,"405,371"
2021/07/23,"407,733"
2021/07/26,"407,261"
2021/07/27,"406,788"
2021/07/28,"431,828"
2021/07/29,"432,773"
2021/07/30,"429,466"
2021/08/02,"428,994"
2021/08/03,"428,049"
2021/08/04,"430,884"
2021/08/05,"433,246"
2021/08/06,"435,136"
2021/08/09,"433,246"
2021/08/10,"436,553"
2021/08/11,"438,443"
2021/08/12,"437,026"
2021/08/13,"437,970"
2021/08/17,"436,553"
2021/08/18,"447,420"
2021/08/19,"451,199"
2021/08/20,"451,199"
2021/08/23,"452,144"
2021/08/24,"454,979"
2021/08/25,"454,979"
2021/08/26,"454,979"
2021/08/27,"453,562"
2021/08/30,"452,617"
2021/08/31,"447,892"
2021/09/01,"446,947"
2021/09/02,"448,837"
2021/09/03,"447,892"
2021/09/06,"445,530"
2021/09/07,"443,167"
2021/09/08,"442,223"
2021/09/09,"418,600"
2021/09/10,"440,333"
2021/09/13,"440,333"
2021/09/14,"440,333"
2021/09/15,"441,278"
2021/09/16,"438,443"
2021/09/17,"463,956"
2021/09/23,"463,011"
2021/09/24,"481,909"
2021/09/27,"480,492"
2021/09/28,"480,019"
2021/09/29,"470,098"
2021/09/30,"470,098"
2021/10/01,"454,507"
2021/10/05,"451,199"
2021/10/06,"446,002"
2021/10/07,"443,167"
2021/10/08,"445,057"
2021/10/12,"443,640"
2021/10/13,"444,112"
2021/10/14,"444,112"
2021/10/15,"453,089"
2021/10/18,"453,089"
2021/10/19,"454,979"
2021/10/20,"453,089"
2021/10/21,"448,837"
2021/10/22,"448,837"
2021/10/25,"440,333"
2021/10/26,"437,026"
2021/10/27,"432,773"
2021/10/28,"425,686"
2021/10/29,"425,686"
2021/11/01,"422,852"
2021/11/02,"421,907"
2021/11/03,"418,600"
2021/11/04,"425,686"
2021/11/05,"435,136"
2021/11/08,"440,333"
2021/11/09,"444,585"
2021/11/10,"438,915"
2021/11/11,"440,333"
2021/11/12,"440,805"
2021/11/15,"442,223"
2021/11/16,"443,167"
2021/11/17,"444,112"
2021/11/18,"446,002"
2021/11/19,"446,002"
2021/11/22,"439,860"
2021/11/23,"438,915"
2021/11/24,"439,860"
2021/11/25,"436,553"
2021/11/26,"420,962"
2021/11/29,"412,458"
2021/11/30,"411,513"
2021/12/01,"411,040"
2021/12/02,"411,985"
2021/12/03,"411,040"
2021/12/06,"410,095"
2021/12/07,"406,316"
2021/12/08,"400,646"
2021/12/09,"385,055"
2021/12/10,"382,693"
2021/12/13,"380,330"
2021/12/14,"379,385"
2021/12/15,"379,385"
2021/12/16,"379,385"
2021/12/17,"379,858"
2021/12/20,"380,330"
2021/12/21,"376,551"
2021/12/22,"375,606"
2021/12/23,"375,606"
2021/12/24,"377,023"
2021/12/27,"373,716"
2021/12/28,"372,771"
2021/12/29,"373,243"
2021/12/30,"369,936"
2021/12/31,"369,936"
2022/01/03,"369,936"
2022/01/04,"361,904"
2022/01/05,"361,432"
2022/01/06,"360,959"
2022/01/07,"360,487"
2022/01/10,"361,432"
2022/01/11,"361,904"
2022/01/12,"361,904"
2022/01/13,"355,290"
2022/01/14,"346,786"
2022/01/17,"330,250"
2022/01/18,"321,273"
2022/01/19,"320,800"
2022/01/20,"320,328"
2022/01/21,"321,273"
2022/01/24,"321,745"
2022/01/25,"320,800"
2022/01/26,"320,328"
2022/01/27,"324,580"
2022/01/28,"325,052"
2022/02/03,"323,635"
2022/02/04,"325,525"
2022/02/07,"325,052"
2022/02/08,"325,052"
2022/02/09,"322,218"
2022/02/10,"317,966"
2022/02/11,"314,658"
2022/02/14,"297,177"
2022/02/15,"284,893"
2022/02/16,"288,201"
2022/02/17,"287,256"
2022/02/18,"289,618"
2022/02/21,"290,563"
2022/02/22,"283,476"
2022/02/23,"282,059"
2022/02/24,"283,476"
2022/02/25,"280,169"
2022/02/28,"283,476"
2022/03/02,"283,476"
2022/03/03,"288,673"
2022/03/04,"288,673"
2022/03/07,"291,035"
2022/03/08,"286,783"
2022/03/10,"285,366"
2022/03/11,"289,146"
2022/03/14,"290,563"
2022/03/15,"291,035"
2022/03/16,"291,980"
2022/03/17,"297,650"
2022/03/18,"298,595"
2022/03/21,"300,485"
2022/03/22,"302,374"
2022/03/23,"300,957"
2022/03/24,"301,902"
2022/03/25,"303,319"
2022/03/28,"302,374"
2022/03/29,"300,957"
2022/03/30,"299,067"
2022/03/31,"300,012"
2022/04/01,"302,847"
2022/04/04,"303,792"
2022/04/05,"304,264"
2022/04/06,"300,485"
2022/04/07,"300,012"
2022/04/08,"300,957"
2022/04/11,"300,012"
2022/04/12,"298,595"
2022/04/13,"294,815"
2022/04/14,"296,232"
2022/04/15,"296,705"
2022/04/18,"296,232"
2022/04/19,"294,343"
2022/04/20,"293,398"
2022/04/21,"294,343"
2022/04/22,"294,343"
2022/04/25,"293,398"
2022/04/26,"293,870"
2022/04/27,"291,035"
2022/04/28,"295,288"
2022/04/29,"295,288"
2022/05/02,"295,288"
2022/05/03,"294,815"
2022/05/04,"299,540"
2022/05/06,"299,540"
2022/05/09,"297,177"
2022/05/10,"297,177"
2022/05/11,"296,232"
2022/05/12,"298,595"
2022/05/13,"296,232"
2022/05/16,"300,485"
2022/05/17,"299,067"
2022/05/18,"301,429"
2022/05/19,"301,429"
2022/05/20,"302,374"
2022/05/23,"301,902"
2022/05/24,"301,429"
2022/05/25,"304,737"
2022/05/26,"306,627"
2022/05/27,"305,682"
2022/05/30,"306,154"
2022/05/31,"304,737"
2022/06/02,"306,154"
2022/06/03,"303,792"
2022/06/07,"299,540"
2022/06/08,"296,232"
2022/06/09,"294,343"
2022/06/10,"289,618"
2022/06/13,"283,004"
2022/06/14,"281,586"
2022/06/15,"283,476"
2022/06/16,"286,783"
2022/06/17,"290,563"
2022/06/20,"290,563"
2022/06/21,"288,673"
2022/06/22,"291,508"
2022/06/23,"296,232"
2022/06/24,"300,485"
2022/06/27,"300,957"
2022/06/28,"306,154"
2022/06/29,"307,571"
2022/06/30,"310,406"
2022/07/01,"311,351"
2022/07/04,"309,461"
2022/07/05,"308,989"
2022/07/06,"310,879"
2022/07/07,"314,658"
2022/07/08,"314,186"
2022/07/11,"309,934"
2022/07/12,"309,461"
2022/07/13,"305,682"
2022/07/14,"301,902"
2022/07/15,"293,398"
2022/07/18,"292,453"
2022/07/19,"285,838"
2022/07/20,"284,893"
2022/07/21,"283,948"
2022/07/22,"283,948"
2022/07/25,"282,531"
2022/07/26,"281,114"
2022/07/27,"282,059"
2022/07/28,"282,059"
2022/07/29,"283,004"
2022/08/01,"283,476"
2022/08/02,"283,476"
2022/08/03,"282,531"
2022/08/04,"282,059"
2022/08/05,"283,004"
2022/08/08,"283,004"
2022/08/09,"283,004"
2022/08/10,"283,004"
2022/08/11,"283,948"
2022/08/12,"283,948"
2022/08/16,"283,948"
2022/08/17,"283,004"
2022/08/18,"283,476"
2022/08/19,"283,476"
2022/08/22,"282,059"
2022/08/23,"278,279"
2022/08/24,"274,027"
2022/08/25,"267,885"
2022/08/26,"263,633"
2022/08/29,"258,908"
2022/08/30,"255,601"
2022/08/31,"257,018"
2022/09/01,"257,018"
2022/09/02,"255,601"
2022/09/05,"256,073"
2022/09/06,"258,908"
2022/09/07,"260,798"
2022/09/08,"261,270"
2022/09/13,"261,270"
2022/09/14,"261,743"
2022/09/15,"261,743"
2022/09/16,"258,436"
2022/09/19,"257,491"
2022/09/20,"257,491"
2022/09/21,"257,491"
2022/09/22,"257,491"
2022/09/23,"257,491"
2022/09/26,"258,436"
2022/09/27,"258,436"
2022/09/28,"258,436"
2022/09/29,"259,853"
2022/09/30,"261,270"
2022/10/04,"261,270"
2022/10/05,"261,270"
2022/10/06,"261,270"
2022/10/07,"259,853"
2022/10/11,"258,908"
2022/10/12,"258,908"
2022/10/13,"259,381"
2022/10/14,"261,270"
2022/10/17,"261,270"
2022/10/18,"261,270"
2022/10/19,"260,325"
2022/10/20,"260,325"
2022/10/21,"259,853"
2022/10/24,"261,270"
2022/10/25,"261,743"
2022/10/26,"260,798"
2022/10/27,"259,381"
2022/10/28,"259,381"
2022/10/31,"259,381"
2022/11/01,"258,436"
2022/11/02,"257,491"
2022/11/03,"256,546"
2022/11/04,"256,546"
2022/11/07,"256,073"
2022/11/08,"256,546"
2022/11/09,"256,546"
2022/11/10,"256,546"
2022/11/11,"257,491"
2022/11/14,"256,546"
2022/11/15,"256,073"
2022/11/16,"252,294"
2022/11/17,"251,821"
2022/11/18,"252,294"
2022/11/21,"250,876"
2022/11/22,"251,349"
2022/11/23,"251,349"
2022/11/24,"251,349"
2022/11/25,"250,404"
2022/11/28,"250,876"
2022/11/29,"250,876"
2022/11/30,"250,876"
2022/12/01,"251,821"
2022/12/02,"251,821"
2022/12/05,"318,911"
2022/12/06,"315,603"
2022/12/07,"314,658"
2022/12/08,"314,658"
2022/12/09,"314,186"
2022/12/12,"314,186"
2022/12/13,"314,186"
2022/12/14,"312,769"
2022/12/15,"309,934"
2022/12/16,"309,461"
2022/12/19,"309,461"
2022/12/20,"309,461"
2022/12/21,"309,934"
2022/12/22,"309,934"
2022/12/23,"309,461"
2022/12/26,"309,461"
2022/12/27,"309,461"
2022/12/28,"309,461"
2022/12/29,"308,989"
2022/12/30,"308,989"
2023/01/02,"308,989"
2023/01/03,"308,044"
2023/01/04,"307,571"
2023/01/05,"307,571"
2023/01/06,"307,571"
2023/01/09,"307,099"
2023/01/10,"303,792"
2023/01/11,"299,540"
2023/01/12,"297,650"
2023/01/13,"297,177"
2023/01/16,"296,705"
2023/01/17,"296,705"
2023/01/18,"297,177"
2023/01/19,"292,453"
2023/01/20,"290,563"
2023/01/25,"289,618"
2023/01/26,"289,146"
2023/01/27,"289,146"
2023/01/30,"289,146"
2023/01/31,"287,256"
2023/02/01,"287,728"
2023/02/02,"286,311"
2023/02/03,"286,311"
2023/02/06,"296,232"
2023/02/07,"316,548"
2023/02/08,"315,131"
2023/02/09,"334,502"
2023/02/10,"325,525"
2023/02/13,"325,525"
2023/02/14,"327,415"
2023/02/15,"327,415"
2023/02/16,"327,415"
2023/02/17,"328,360"
2023/02/20,"331,194"
2023/02/21,"333,557"
2023/02/22,"334,029"
2023/02/23,"335,447"
2023/02/24,"337,336"
2023/02/27,"337,809"